2294753107,lohmz
3190920522,vruac
1176650653,izskh
4135482622,wxjen
1970285778,dgpup
3030978961,ngmqo
2467377415,aawdf
3832348858,umqot
1226182786,igxwo
1482767628,bhuba
2058401877,dhqac
3947024005,ymzcq
3746887472,odvsx
4162863056,izoqp
2113451149,avvvs
4262382003,kgvpf
3668556716,tljtw
1724181251,llece
2880325248,itfym
3054046859,tdyxj
3430421017,bhqvu
2446266262,iplrb
1002435077,zrnsm
1006369387,vgqcq
2682192936,yqmrl
3265767340,ujfw
1362893235,aqwua
3358116012,noozi
2468149862,wokoi
2674907101,uaizq
2815774917,zjpdk
3429718077,nwllm
2659729107,qrvs
3951262709,jaurp
1571307032,cpvzc
1830964566,rsloe
3480073319,lfqme
2475007079,drvrz
3903627497,iyjsn
2679841145,wmxbh
2196892559,rvoiv
2169112494,vuyuh
3895044454,tipkf
3816017540,cwtsa
1002601873,xnign
3074314703,tcibt
2752768627,lomoa
1683834441,hstzz
4281687376,wbkw
3114953535,rydub
3871745832,xbjln
3249409063,wlmrz
3565584468,yuqsm
2011384742,dhdwy
4080476190,hntvc
1468545595,gygmq
3904062243,gmgrp
1801532298,mbdhn
3193229912,vwngv
2217351586,dscyu
3792510754,jwiwf
3960398631,sawys
1927109750,tkzsq
2019850213,hiwqg
2351739541,kuitn
2244599448,belka
4212669480,ihnnu
3996693553,nyvbe
1636953080,jgqvg
3378941694,pglxa
4111900737,atphs
3865489922,nhdvg
1338440731,npzqo
2005961653,igsue
1810252494,zxvqp
1473644621,vgbkb
1419574858,puens
1245003487,ytlbl
1135989965,rxfrq
2821085627,jifno
3862567821,arbeu
2839461395,mfrql
2311858529,piiaj
3025975826,cuom
3075550349,vxmwt
3305214349,mlprr
2849017906,ldpfs
2227837443,qpdsw
3739771172,ewluv
1772396558,phyhq
3116184388,jlzkh
3265315459,xtbkl
2053643105,ucgbe
3954538556,ljlpq
2153071993,gswvr
2295697255,fovgw
1363697375,dkiqz
2361787339,evnhg
1528164287,zgslj
3283376624,rtmih
2387058816,caxap
1602426841,ddqzo
2140094027,gatln
3779532417,jxhwy
3190336179,kijyc
2360091065,miuro
1304045937,zbwca
2332472669,ogtnn
2679694758,gogus
1900316773,xbfsi
3319977042,iblnf
1212066704,ciph
1224864108,zaawr
1779253641,pbwzo
1088094101,tlrbz
2960039959,ialka
1831923545,ynxal
1867152695,vlytm
2085368202,jveln
2911817524,khrmq
1962327511,fcanw
3885066939,brbdr
2400167822,vpzck
3960396989,yatcc
3838658873,lzxij
3256634003,zswmp
1696800951,tgoll
1501577470,nyrdo
1886997933,fcits
2933871375,vtpi
2229849024,qfyzb
1793331795,wfvsm
2378816805,riztw
1509059220,khmut
2208124719,sabua
1494347238,okupx
1409850030,pmcd
1712480117,vldxa
2465651328,sadxa
3797045319,jepnk
2257663315,fxtvz
2650904088,wxvue
1426620924,kljpx
1436177814,dasmu
3428052366,tvqwb
3345743202,bmut
2810033583,ovfld
2853716970,poctd
2421494148,capfr
2925377505,xibjl
1593086533,aunvj
2548968358,htpxf
2343250715,trbps
4025671145,duneh
1137414478,zvzdi
3125453024,uxzaf
3469946919,afczm
2357177529,hyrdk
3488325935,qdwsy
3086502055,bijnx
2948215943,nakpz
1517744827,uigkp
1077686799,zpldd
3728173377,aynht
1486694310,mnymb
2275613511,eanrf
3431608532,ptxer
2763700424,fserw
1742229698,sobbk
3484138183,viepc
2849823417,vpawk
2248294223,yuggi
2920198442,govic
2588029122,ozqjj
3906286960,vxmlj
4041909085,szvbs
4034788651,tuhcm
1278631941,ptyot
3316520143,ffqur
1952093219,ydwrv
3255823561,dzqbe
1127442315,trdwr
2223749876,whevb
2729208229,ypcfh
3797904956,xtfah
3659496304,dnkgm
2290814463,yczxl
2608972958,kradv
3253299217,yqxsd
4093773448,dzbpq
2056651268,qpjaf
3740202827,twkrt
3365285245,apxjf
1052788628,mobsd
3574635924,qmjct
1721568535,izxaz
3211341475,vllym
3555305996,dldde
2591511090,zwein
3855441886,kbsg
1523488894,gwakd
3805779898,uqqpf
4231257136,vgwua
1201794323,eztny
2586680203,vbfmj
3444142602,utnak
2863739883,ndyef
3637473701,wbuxx
1638795193,tvkkz
1845254260,ljlvp
2598725598,tckdz
3759414939,oxdr
3480804725,nawgj
1272972743,pults
4004197396,fnzqc
3806801618,fptpy
1510539179,sainc
2050043829,eoqqe
1730387887,stjfe
1209109030,igoex
1734409502,qqtll
1784153120,udkru
1677541485,ltjcs
3781263559,bmovc
1340439311,cmpfb
3807177123,znkky
3417513178,mosbh
1785723405,eetfq
1422469863,kbicy
4292326458,pbpkp
4094769183,nmygj
1781872704,hzatv
3680262760,zlzoa
3886120646,uezhj
1750362202,zitfb
1864782049,qpua
1961606839,hbbaa
2296280371,lelft
4197654586,yhpnv
3134623364,xijqk
1898233867,fizcz
1409294104,pkezd
1128702711,ftbld
3210139639,wqym
3788702039,abses
2963468232,oria
4028675853,zoorq
3338165969,akzhn
2714891173,oxiuc
3264763533,ykfoz
3768193455,jqxof
1833296474,plmub
2954335765,fyhio
1974068439,xzahy
3449155877,ufsas
4142529283,rqegk
3773044063,qpdrn
3275718449,jqdcd
1944078357,mxgmm
1824981096,ozqtj
1969827832,rpxgi
3310288098,byyid
1683756342,edeeu
2348975037,yepsa
1841224133,geuy
1660892965,rttff
2362715714,kdaju
2182890013,oefdf
4060007582,yqlzk
1288506167,pxlyu
1732874080,qjvbj
2391240090,kupsg
1538781104,ktise
3285349459,foteq
1940755400,fsmfs
4035966042,pkbcq
2705218747,atprl
3333272624,wphox
2912785202,irrbb
2968975663,fkury
2243901629,objmh
3462862587,mbyde
2643218148,vefol
2300718996,sypma
1674255784,mqrxt
3342047441,pdxdv
1435963739,prsjl
3045254203,vueqo
1719673416,gbbqg
2001325036,mqxgy
3366022600,ylpgv
2179894213,kkbut
1154324953,ntbjh
4141822026,fhcp
1083542030,jbqyh
1052863495,pbqhc
3942411251,rudbt
2294701641,pjoec
2966145061,yfvvg
2735755927,rkfhy
3779236510,hgjvu
2586614180,lugw
2606450349,xhahn
3329907358,upkmj
3825671603,brusl
1780901212,ncrgx
3017838449,zpzfe
3264038053,pntri
3850536814,zpthb
4199930208,jljij
3215355029,iyuhu
1803974019,eejwl
3332830405,lduyw
3946431270,lpkfh
1014232061,fjnqp
3550820211,ajsqy
2689753100,elmiv
1267159917,uzzri
1822628507,eruru
3506637070,evtgo
1627507437,dtzcp
1770127615,avolq
2797539852,tmoir
3108595412,plket
1675826852,kqole
1429398855,govs
1837253268,ztxoz
1201770048,mahfq
3037634469,xctvy
2282468215,frear
3038232635,kuzs
1199585715,btpxm
1640284906,wnuxb
2649961928,bazqa
1870988188,dkjgl
1265255168,zfqal
1314017367,nqzhp
3967519233,exuto
2992723090,whznb
1383071181,vxjan
3792973017,woyax
2861767088,aktq
3216981477,eumjm
2811341914,nzghr
3284714108,xhkdn
1628076069,jerum
3627992936,cquko
2777375865,kfvny
2208237738,shuiu
1957950744,zckhu
1225134833,dizpb
2245848315,mcnxc
3504178878,jimch
3901495364,udave
2202797768,ltkkx
3240978736,kgach
2895997218,wlxnk
1483196866,rhurp
1544614397,tety
2535157931,brqp
1598180359,xvvit
1162129597,kmecz
4079760893,gqfve
1643003438,klwky
2218405052,cjdot
4152786334,hxxsx
3454515957,uvsx
1124754945,amuaf
2514429239,ygmli
3782790720,tjblg
3615122711,acacm
2148952817,zpjbj
1065744306,crkxu
1178151732,dlvpu
1512223682,iqdco
3858220281,mivtt
4041698814,pcpey
2461486710,yappo
2303934217,iyebn
2187998180,geuq
1941845244,yoivv
2139607091,eorcj
1806558385,ilivz
4069096555,huiic
3229183581,mbexp
1664886036,tgznx
1484242172,gmzkd
4086074683,rszur
1739928014,dtofw
1178698508,zjcho
3587484962,excfz
2797025177,fjfdg
3704231282,gqgle
1955908618,rouid
2552796020,aeksx
1763640247,yglnd
1710022057,yuigw
3948526790,pgycg
3846465128,onpcc
2245315837,qpwdd
3898907796,iubd
1039876547,uyway
3150050556,ijvlc
2654291693,ndmie
3552467835,nzwke
2316540991,tpdgt
2725190686,rwwwe
1803484060,bneqc
1175426889,emowz
1916006516,xawuk
2503922297,mrlij
1787421317,tdpty
1250812835,mlqxl
2416529781,vaont
3089986282,mgfpx
2889396550,fjrfi
2471200174,ipbbo
1952141726,uebwe
3491214372,pihbn
2544200080,rbfae
2641056923,ibrsu
4078049459,zoprf
4294517573,wusrh
2492022184,xfyn
1645391410,keygw
1404343797,gttpm
1452732103,meara
1276272570,eimec
2187771847,zalda
2186803032,jrhta
2721545293,ecmpo
1541789159,jjxcp
3779670826,pbony
2004277772,yoybv
2755224962,buwxt
2152531209,uyik
2865030329,khsbi
2143338520,ycrwz
2152651630,ztnfd
2504016807,uiwkv
4020243825,xlxvw
4155477883,equhw
3352647592,xrgtn
2041379142,erjdt
4055365611,hntbj
2419850540,jgjqf
2701276139,hazzp
1713281981,kkbvm
1058989775,gswmf
2514229874,axyrp
2819523491,ozogw
3754171700,kavnc
3264355540,cgqje
1610188759,zpmts
3628902509,mbtng
2659855822,flhef
1752811203,ctofc
1857466605,xlkvh
2560632729,ypve
1737490166,ardev
2795523614,wfvzj
2912258245,xneix
2448142980,yhvri
4120948742,upeyg
3369541006,nchxj
2293909669,zjetn
2665336994,fcvpt
3699816464,ydqvp
2633761994,jbvru
2020670450,iayns
3488784972,uqyfx
2012881487,ziuxw
2178954140,urtvh
2569621107,zsmyv
1202541441,hyzsu
3697998731,ygftz
2284902919,qrrqo
3576129096,ynbxg
1145564141,pmbpy
4002632599,ebzzz
2188200326,ihpvl
3909029691,anvug
1542493817,zlcja
1080673619,wgclq
4057128571,lagbk
1611837687,djwjn
1214644201,yrehp
2753729961,akdes
3538148751,snkaw
3975189162,clnxv
3826506681,hefci
1953907965,vxawq
2214370509,cuovp
3341458279,rmkgh
1730616887,wdxg
4040977094,ctqxd
4226472990,eedea
1803914868,wbxyz
2553294218,fnepl
1818910432,lqrzu
2294799058,ihruj
1648318258,puewj
1012065151,fyknp
3518156582,bjrhg
4134101600,gumtj
3251129213,aujso
1008820240,oiqxh
3013001331,isevx
3593861402,pqbqk
2794851441,swdqd
2232270958,alhkw
2151850282,gjcug
1951004148,iyjlk
3840660755,sqzfa
2559631509,hstzu
2784551855,oipbf
4067692572,xkihq
2724187810,fgnqa
2634694263,iqzlz
4059329803,cggxn
4177070100,lprzd
2022670089,ijaae
2708826489,pgzte
1407289444,ikyep
1271596446,syitn
2584170455,kcjzp
2820978241,alsds
3875715152,iyney
2946285497,ciltg
3345921437,srqdj
2842165773,phbry
1877459062,jxrkx
2909212173,uodll
3434157064,oowec
3665996057,qhozp
4221197356,wuuxo
1721362091,jwrim
1269470126,dtajd
1652670894,mpnwk
1673144844,qizsz
2571231376,dtswf
1412074573,tqfjo
1241694341,kytoh
3784455691,salgd
1255710563,csilq
3124209350,cpmc
3701452391,ndkc
1171145031,mhkkt
2393110645,kuzaw
2152208222,bvkzb
3952078314,egdhc
1344751863,ntkle
2653455313,fbuni
2320820090,vwpcl
3785402228,hblxh
2435543167,zldfi
3251784956,dwefc
2931098136,oraee
2892245529,fmovv
2981040128,qxvts
1640933584,gozgq
3357188616,mwoxt
3259302290,uepbk
2880434387,ghgxz
1781280061,tnizz
3622264914,koifz
3968450631,adgch
3341053056,uuook
2629693659,loplj
1571374496,gsgyq
2343944373,zqzst
3969610940,tnvdl
4124649737,eejvh
3164933534,xzzbq
3662689008,qjcpx
3214285350,vlexl
1768566528,fvyuc
2979683319,fertu
3276790543,isjye
4054394659,ycqsi
3213249782,eqdav
1690183815,ibsfu
3600703820,tzngy
4242055121,dqwbm
3301297599,tbmnc
2197081991,rzmlp
1365565945,cmysw
3789623699,dnuts
3845896238,phfwy
2977246115,sfkxg
2205614153,hqtak
2474117347,psrus
2918295411,fydwi
2990753907,qeloh
3868143079,cmxmz
3490064674,imqeh
2986888800,hjdqm
1592211131,ktnup
1031982961,tebqn
1192161229,srtrx
2189106731,fibpv
3073520283,zrvbu
1447943024,tipnv
1603264143,fbime
2324798006,fpohr
3619073440,ucvb
1101939276,jgrix
3833434802,fdeyo
3757200683,mpsir
3969187889,zxays
3751697402,wzbfs
3218796351,vrqlk
3696428049,imome
3062527938,axjai
3156507999,ydbt
3675321302,tyetc
1346430344,pmiua
4188469592,tnjvx
3675808694,vollb
1257334349,zoacw
1495566907,dkfkh
3382372215,bxhdh
1502433666,holpe
1213931380,apvpy
3087327086,qars
1255557624,gpzle
3340133902,kbnyy
1611008960,mamwj
2269575147,pogxj
2110541638,fphuz
1618517481,cbpks
3252337159,xvasr
1151195684,xmgxg
3552056562,lnai
2246367419,fkdho
2923896740,kxiip
3679043247,zvfvs
2384376078,wbqvi
2637938462,zplqs
2236060184,unwaw
2790884451,eyhmj
1456190658,aksse
2112859094,dtemx
3531567554,uilvm
2071350838,myivp
2276920121,rzdiz
1747444024,ngqvm
1995012734,ccjsu
1122994279,aglre
2692136811,peqxt
2144202156,tnhpe
1900958540,rqzxc
2738154528,hkdth
3100083337,yrxxq
1580755486,veewv
3380054004,atyae
4026240519,rspog
3257377473,cjesx
1498062065,veqsx
1433192665,nzgix
1808172703,pjkhy
3221521977,neosw
3774753160,bmzyy
2752953609,rlnxq
3265344843,ejalu
2657459171,axbvo
3430013338,kugdk
3949106289,icjfy
1903677594,dsskm
1441604470,vkqqp
3530536793,kkjwn
2455734571,tlmuq
1718888702,ocgsc
3788764629,gsyp
2081806206,riyzm
2707151779,faxah
1025781524,mazyo
4063852093,yjorz
1736411361,dczsq
3881618894,amalt
3247758627,ikslo
2879877876,iaqkm
2366166612,vbshu
2200406513,lhpyf
1868218890,whzop
2469812857,cfcof
2728336785,aoeun
3432374922,orxdo
4199189925,ynvir
2250548672,scpmz
3275691549,uxvrz
1627412975,gstlt
1882081350,gvkto
3925933302,kmywl
2413452633,reigm
1459160070,mppcg
1728029927,goqcj
1026692433,szqfi
2547169566,frgh
2580841272,hhgaq
1750862677,totun
1299374610,logoz
2493175184,woxya
3129623863,gube
2746629116,jynfn
3155504581,telzx
1096214313,mygjx
1326552117,zptco
3476838708,wvboz
4164647329,dztin
2898820555,uamjy
1414635271,pifwd
2896582153,fetrh
3129200449,mtsvz
3321783789,smbaz
2537102850,tziza
3537811963,msbyv
2047446198,mphyo
2183492981,ddtjy
2506475689,duxla
3612052762,hmbzc
2989860879,tvcdr
1011366158,bqfff
1213165096,xwnzg
2520354233,vmuax
3242479097,digsc
1453973716,ondig
3155554433,pahzf
1815721868,jngqr
2167587544,zpoaa
1230876015,iexvk
2410560247,uqmdu
2551907396,ogwem
3558337845,ojurg
1429203103,kaqll
2648928873,fbigw
1948083859,ptpeh
3361883958,pwqap
1216985947,waizw
2287437107,jluer
3767302789,psois
4184673668,hgtsz
3780077179,uyyuw
1695037312,wftuo
3789334087,drdif
2213183138,phmex
2394030293,cmpni
3472560271,vgtpx
4090322294,ejvdc
3000684750,ajumk
1557814598,ugplu
3834468724,wwnng
4022268273,xnlam
4255745485,lzxjl
3376025729,iojxl
2076039116,cmvzn
2561352127,seqf
1364932473,eqiip
1861226878,hyzk
2660500669,ddvbb
1245140783,fqjaa
1470551961,nchtz
1902748470,cxacj
3614469064,myhji
1875589060,wndxw
1122453232,pjvnc
2407226560,xbfmr
1518704634,bupya
3818557338,isbec
2875261223,vuxqk
4164842591,tobwp
3248130609,bgcns
3954887439,utegu
1278436644,pulqr
2509234112,zinqk
2089999182,dtrtf
1832490386,ambgx
4022693304,tavki
2390733531,gmhuv
3280958115,dvwxw
2649455242,fkidk
2143118705,xdqtr
3342194787,btllf
1637078339,rrdqp
4081415053,xlola
2337276513,kpqgi
1556874086,gcqd
3567971950,vcgah
1574346723,idrgw
3867979553,mmhkf
1508869226,lxqku
4269873301,mjaug
2885133575,dnqfx
3333652402,ssjdp
2414523112,mhxja
2072742733,ziczj
1841555579,yyyhc
3928505110,kgzfu
2644497728,crxxr
3459418409,rezvy
1166044990,asack
4110891181,aqpri
1238597789,cpgbp
4010773691,mtuxh
2462586587,jsavt
3929356551,szsne
1085364247,uzzle
4051438169,czzms
2188116086,gbaln
1630871750,fgcoy
3132976200,hodmw
2740991142,jieqm
1219720650,sadui
1884593966,vyqqj
2601885112,ioths
3098514594,gdlif
2772513860,lslpm
2518099665,ppjyx
3522873205,xoubd
1887412471,yhnfh
2113642879,juwvv
2096718003,axxtu
3803515288,gofqy
1801813243,twben
4246495747,pmwkk
1458870738,istlf
3864108990,odnxa
1100118881,bvpmc
3024552979,qkaaa
1197947035,kgmqx
1975026993,mfozv
3775953935,deina
3642088733,keztl
2877691959,oaznk
2964414660,nmnrn
1207453411,bghvs
3864846717,spjfa
3262716221,qxhdb
4101090309,xfaow
2156987372,kslhh
4093739865,hxqmq
2753317862,aqwiv
3249058754,ahhwz
3779465671,hfpfg
3147725131,uqqzp
1861415308,eqzlk
3574255253,zxywy
4123931751,btexh
1710355259,izenp
1365318493,gpmwb
4155594514,kgaxl
2513253875,fhfyq
1028505351,ajwfr
1629640665,spyxu
2606160160,knliy
3696431422,aymgq
2642807638,vvyvn
1786494685,vdpyu
2106844288,sxrhl
3351647401,wlwsv
4074568966,wumff
2580553007,rrmrd
3445849387,oxuoq
2031095652,wymcr
4141305934,ryxng
2125638560,xzeqp
2584808266,opdbx
1103496941,lyvub
1492675242,tocst
1915649042,rogzh
1890516189,grivt
2416807854,nuhkr
1374967560,njcno
2805191152,wkzym
2530841010,ctmpe
3995789977,lqxmv
1941881933,vmwnh
2658174928,reuzs
4287966508,rflsb
1464023731,ayybf
2942329100,fnzty
3519686617,muhzf
3014632224,anuud
3775932808,zagug
3937985793,ffpky
1904205700,jjxsz
3578845370,pbvcb
3869399593,fohga
2818228578,xqdgv
4117020614,colru
3454238653,keeio
3786094407,wbggr
3409708345,locjr
2472661588,phasf
1059597201,tirvl
3373391881,xjhgq
1554467361,qnowq
2300492295,tsdpo
3493655838,xesim
1415909621,dehuo
1061766311,ayueg
2706735036,jfuwe
3632130947,tvkxl
3329923763,vittu
3568134293,vezth
3778290580,noprh
1678229424,cbqhk
1844205300,flidw
1228244359,xhacl
2051301448,jyoqk
3938526113,dinrg
3724779399,yibba
3855060281,trfkm
1585640343,mkalm
3093200994,fqhcz
1205431674,wjniv
3986776046,jwkge
3832493243,qejke
1132720235,bxtri
2862860005,mqzed
3325496184,cahms
4129413850,tflho
1665325517,mqkhw
2798167758,izhjb
2058662712,vaaaf
2889662775,ozsst
2268342206,snjnu
3548771282,tlkbl
4173976060,xwrbk
2656972373,doaqi
4008967058,ldbc
2729894049,qamcs
1609757997,cbcdm
1537093223,tfqhm
3665839197,vmhyv
3101279800,cpwtb
1254327901,vmxiu
1532624310,dtsg
3531818685,nywcj
1023461914,waodt
3217010989,rdxca
3355951462,qzboe
1194493125,zuokf
4170811615,ylazv
3800236163,dxhqm
3612071661,oslcw
2271238949,ttrua
1467841159,mvaww
2127282775,dkqkt
1271441651,pkygp
3513302199,cgbvm
3842126840,lwhyx
3370833266,vhrqw
3476444760,xllyi
2031434340,fjmza
3117045210,qhxhp
4009594615,opohg
4136439376,bnbzl
3601016765,yqkmx
1152597217,uammx
2367661111,zbgpm
2794703319,glwgb
3157660533,wcsvi
1027890502,dnlmo
4078022874,xaljp
2369580706,qwavr
2894177085,ycejw
1235018905,ajzdu
2576624087,xhuqy
1296945080,hnfak
2536908837,ancly
3609711673,tyjwm
2174196824,dsenf
1867757015,cbxci
3925248833,yxqeq
1658841976,nhnqc
1355910207,ubtue
1394029652,ttrso
2369181793,nljym
2439888429,lnelm
4266783665,lcmso
1944802559,icazw
3045400526,tzqwu
4026271667,dpjdv
2540677529,vsmbx
2192497938,wujtb
1843057301,tcwuv
1610139008,ituhj
3969094169,valea
3134474679,nxmrz
2508013768,bzlej
1567573357,fqzvn
2378530395,xlptw
2148234556,bomnj
3217222243,owgqq
2964989924,lddtr
3424584378,zrqur
1594162860,erzzx
4273571945,hapdo
2805069137,knibj
4206280462,wtagn
3869152653,erjqg
4225226736,yxgfy
3652511763,vtplq
3465059396,xazsz
3687367497,ietqm
1182689383,vzuhi
3193479597,srxom
1331951288,udqer
2363196732,omwlr
2802266153,jysai
2492783663,hwoeh
2936744192,ibddc
2762994889,jqwrj
4213196678,hrzaf
3084088692,vlsck
1422853892,oanpo
3421272998,rtmrx
3722632988,elivk
3573731642,aowbx
1136156412,xwlvy
2852362671,qdkwx
1148964670,pumeh
1383958060,xedqh
1316212451,scbgm
2192850123,uifoh
1998051969,ttuxc
3107005983,yheza
3448194522,qwccs
4109279452,mylhu
3688765653,zkkvf
3680691608,dnzsf
1375369122,dwtdy
2537539361,ogfjk
2953419801,iewbt
2414993176,xqibz
3695236695,heyua
3292554266,oksld
3736412776,zxdjp
1398601761,xkmcf
1948689558,aqwcm
2827583675,pfdtt
2226309983,mjgsm
1217227297,vbaxi
2239556855,mqqmm
2516157288,xieue
2359338961,qktxh
3499601354,hgfbl
3941284281,hpksk
4180525814,hpmvi
3921611291,ttxam
3071928052,yjnbi
2812414901,plnrj
2118980284,dxxdx
3640253365,gnpip
2817401343,qclht
1146791108,gyptb
1420854821,mxizo
2795386741,fttvu
1865437855,roek
3354873537,qarry
1688148220,cveib
2180354373,tzwyc
3175377017,ofary
2951241499,guvqc
1552114766,qihql
3021851676,tsrzu
3138601095,dyqlc
1043573718,xspvy
2166396852,cktnf
3693517810,rjzmq
1370110413,oonsp
2988079027,bfmtl
1874492935,cnmbt
3848203541,bqyfy
2923021527,hgjik
3367706690,uuksp
4014077635,qrlcf
3344442924,cbzbv
1631432025,puxgy
1997590161,cata
2019592532,scwqe
1643474283,ipskd
3065101322,vwgph
3963151565,nkwtd
2582729767,aubpg
3262371467,rvutu
1717022693,ytopk
2637187465,kilwv
3442003862,tpdf
3970137315,cphas
4228446115,asabt
1614995077,gsuai
3136690811,qsyih
3374387224,hnpxs
1956091076,bvald
4217766808,pbgjo
3582147681,fxyeg
4056431555,gyicq
3794120608,bcxjv
3565620475,vcwbw
1737741730,wgxvd
3533193343,oiayj
3369774633,mpkhe
3910404906,cliow
2832612667,jokty
2883143809,alepr
1905015636,ygvaw
2591385021,wrxdz
2095242811,vekey
3708507524,kpcxn
1356920308,dlnms
3088333219,sogqj
1688120923,tcsfo
1256420962,vvelw
2487304621,rmlcl
1371641254,wyiwq
2930715134,urffm
2823866202,xqzyx
3926607570,boeyw
2352806319,krvmt
2891833296,mgapp
2874165855,elnmp
3650474802,mbiqb
1590271088,vtfq
3315470628,bgqih
2721400626,xrhni
3833776849,tqvty
2491794334,hccpt
2125028264,uaqhj
2037318253,ievxn
3311658273,zagcv
3355029029,dygaz
1566013101,cfswn
3657977808,onowi
3382155632,dnupl
2305321289,psquy
4076567406,yoevz
3893775747,rjnms
2059105657,ndnrb
1929720256,fyytx
3369071608,nsxsi
2521738561,fdcgi
2324583031,evtur
1716169436,xzzwq
2369947774,dywgm
3273942328,ztele
1532920043,awvrl
3148038628,npsp
3424742047,blsym
3504159093,xxvqf
4189632580,cqpwr
3851766979,pkqef
1042811584,yiwwx
2913691554,cqcme
2112162739,bpzyv
1518891677,dkzkb
2232515695,bnlak
4073645940,rtwf
1362947378,flbzf
3037726707,hrzpu
1161146367,iiact
2518929804,cxebe
1213426529,nneqj
2098170859,kiriw
1725301932,culct
2230213590,bqbkc
1873622538,vekxf
2085902744,jnpiy
1082288424,dfvdt
4118135202,uztyx
1205999351,wplrn
4100604282,nmqmt
2401137638,ysqv
1515157905,fkbau
4066316095,wlgyb
3385353219,vdrcq
1662425742,msivl
2998460621,htlnu
3115427107,xgavf
3334671652,luhjs
1501106885,fzess
3283515070,giacj
2043898036,hxglo
2057201760,pkywl
1027063598,kbhbj
3624974610,krdsj
1696761928,spwnr
2955280662,eujne
3000547948,qmvj
2207175617,ubhvl
1714266469,nmxiv
2255667385,fufhz
1971496762,epnfr
1028953151,cghvg
3772954458,nvyys
1836223949,hjjvf
4054168008,zudlf
2528666971,eyoom
2651486290,jdgz
2217711624,kpory
1663203134,akanr
3934043419,uhweg
4035302524,xmncc
1693527933,lyewu
3109160174,mspz
1523909292,ojrod
1329823075,yqsqs
1013541424,ppuwp
1646676128,zynzv
2471691985,kplnh
2734883458,zkqfv
2303653856,vlheh
1756852024,bkzcx
1244222358,ifcnv
1838509793,vdwfm
3940776938,eddmz
1371638289,dvezm
3699571963,vkbxv
1059052530,cuhpq
4188078164,boiab
1458718279,kfngi
1174516178,dfzew
2699071136,ysfoi
3638650282,fwtpc
2895742472,jaaus
1001960800,ihoyc
3898684472,gnbxh
3058256735,yelwr
1012988842,adbop
3648459292,jzjay
1403605714,blvj
1304495758,mvvqg
4184857607,zqcgc
1472002360,boqgg
1801752146,hkldf
2388773722,igpss
2736968338,qmnzf
2738896670,gxqui
3080183691,tslex
4007381769,fumrg
3353976278,ollse
3110025807,dfzpn
1112310373,mgvbi
3055154976,ulofr
1700287243,roxio
3333756656,igvvy
2813237245,sadpx
4079858066,chpq
1575271898,nuxyq
2934665781,heenh
1189456408,aqbwm
3356977019,owoii
3241019945,cnxdk
3723373611,licag
2674682264,tzfhl
2256653985,kwixl
1713234822,pdovq
3270450230,xuhuf
2655515901,kblby
1363252063,lzaie
2117473255,gtdbp
4097120285,tqpsk
1941625422,vbgoh
1953963777,pximl
3097556356,zcgsn
3768446996,hkxho
1608912080,qlcvo
1485438626,uhiss
1001541006,wsjdd
2403095794,bkisa
2765626853,xouae
1738246876,ookhk
3826465211,mvatv
3589130611,lffnq
3259302664,twbbv
2369398211,nlqov
2550054424,qaeln
2241860117,ztijt
3981017866,zniff
1656460659,joiem
1826311165,pmpiv
3233783092,auhm
1706714380,evrro
2900210127,rhzhq
3731024052,lqueg
3367144036,ytmud
1793802712,oiklg
3757652394,cssbi
1670750790,tgdes
3530086623,xitew
1982561991,iccdr
1275075247,pgrfq
1140257354,ufyss
2451773315,jcvpc
3137832460,epdmg
2927800167,hqfbw
3955387061,lanxn
3965292114,xjzfg
4125206968,jggah
3712134037,puamm
3363609844,ukzgo
3378748872,grcuy
2164070949,pfpkv
1839323118,vtshf
3586260990,yhlwf
4223432338,efzyi
3194698636,jbupu
2968635532,nphti
1325418771,qnohh
3226537878,ruery
1223198465,ytfgx
3288016246,dlley
2277477410,uwhqm
3089977667,jknjq
2665100567,kbwku
3731774043,cgwms
1116474753,ajwoe
1421286234,tpmak
3773010332,ammkh
2282012432,qcask
2988681483,oxnjg
2633362399,zrymz
1098562667,taeoo
2247237139,vnygf
1250738124,yjaem
1779895396,gvuju
3524367001,wlrym
1484520786,bktpb
3754411603,zllsl
1241527858,xldfp
4028492356,ufdyw
1685245767,zznsy
3551230841,sbocy
2245290188,cbrm
3920736071,detqy
4172261901,bsojx
3949406025,pldbc
3137940146,wscqn
3728673754,ywpzh
2626473963,nkyrz
3145087115,ndhwn
2644673048,oycqx
2981937770,epobg
1114001230,lrdhx
2953291954,mgksy
2281168871,bqmjl
3053367925,mkyof
2989698288,jrpxg
2359890247,nmmyz
1532313591,ifedu
1366209979,sktpb
4068635207,daqsj
3844934190,nugva
4102596107,lqszn
2757196921,kzwhy
3292186725,smfrj
3740515192,konwp
2614219823,koyyq
3349948789,qckkj
3596029528,pdtke
2360683290,pltjg
2614677404,gndko
2550151789,jodfg
3952628381,vwkfo
3207520566,waigy
3988732493,diajd
2843943290,uzwof
1761947942,hqnyq
3485168888,pcpbg
2605940016,qcndd
3229434830,uiluo
3236703662,lkyop
1271880206,iucic
2689440780,qsydg
1739644264,olqos
2990832672,aytqs
2279380348,mxdig
2244411948,rfaiz
4257597997,xrtmj
4266841787,nkiog
3116235075,fxxsk
2063151074,dyiyv
1088680345,zkwzr
3942818523,pywwl
2570137630,zqxfm
1669925575,cvpkx
3683885697,sxjpq
2011764083,nlpjb
4223023203,ztdsf
1760525050,sutts
4084478373,gpxew
3172155371,hgtde
3765157716,uokzo
4110016985,znmht
3029807296,pbeke
3282154114,snazy
1175128978,mmzit
1139405206,ncxeo
1718354007,rfkug
3163505707,iqqbm
1352341393,stbes
2689633938,ckqgt
1953327531,pdcox
1995704247,zeuql
1300533949,hriwj
3707751162,fwpfn
4223318580,xvpst
3207652570,nyqqh
1954676831,dfuqf
3034697234,rjetr
3480435702,ewyus
2746431601,penkj
1109576783,aevhn
3813343369,hvhpb
2177822477,snvxu
3620924789,bdvpn
2391397685,nkbqn
1973351942,uycgs
2661347944,nknwm
3027281447,nmfix
1489780830,itzxk
4137839337,ntceo
3701843033,qifeq
4097902688,xquxs
3011581164,pmbmk
3057378015,nmuub
2796699794,grxbl
2496821312,yjkeb
3219065104,opvls
2657463951,fnlon
3736811749,tmifu
4261176677,dmifl
3214951446,tmhcy
1093969675,gyyxk
3509729277,zzrye
2427275828,otawl
1705181078,lxvxg
4039054933,aociu
4225332407,jckqz
3234342018,nueoj
1005289505,jtdqr
3119661152,wdcpz
1390651460,wljgl
3656038127,hjbmw
2884896599,mqoso
4132684063,picol
4155883774,maagr
3660341269,aaqsb
2261503681,sfvt
2734472654,idlxe
1087501388,pmiyf
2463373982,amitu
3556904393,dyexe
2342319960,mndh
2305568062,kwgzt
2049836098,ekfo
1141821762,gdbsr
2711383389,qpidh
2901594960,vfzmc
2913059768,cjcts
2591525846,nwlyw
1080364354,tiwmy
4057806818,jnhli
4218484301,anwyf
1842534908,pdzxy
3551708241,telzy
3881302224,ftebl
2991932204,dsrxz
3684454740,yxjbr
2769912332,zkjiu
1617206174,qlbib
4246082731,cqwre
3164675992,uoaif
4063168553,mkjnb
2320694281,tsbwf
1170293837,ycted
3130893757,pmbig
2947609325,rpqrx
4205683684,pwqcm
1493527538,kkaqr
1012642115,rncxm
1983469121,rzubh
3327777809,ddgam
2156989453,vddve
3777211340,otdsv
1325181555,eckvb
3768374586,gydzh
3543341409,edqbi
1976166260,mhjns
3562913633,qpteb
2764856832,nqyee
2533085628,gezhh
3581693929,dyncq
3911841412,igtlk
3769817483,ychvk
2987880768,zexyh
4034753812,vuujl
1081288157,gymbm
3143285051,gemto
3226779102,zfggu
2346054021,gnfes
2718489710,hhmus
3427882429,hclnh
1540795161,fsszm
1823356934,qwnso
2522124725,jgxfk
2730347113,ionef
2651644862,qvdug
1463167118,jxoph
3539023230,wstwu
2630651152,fvnko
4149622485,uwbqj
3531677544,tmizy
2226250080,cgxhb
1611911765,ztppw
2864315836,lfnii
3697327309,jtgpc
3058473259,gpgld
3360708797,jcybx
1372653084,ysoxz
3160690628,xcqjj
2618199396,euqte
1537215862,tjupj
3848796538,gtjdi
1964027310,tmvo
2654391498,ondwp
1607219970,oduo
1490632073,kvxug
2391419872,jqytb
2685244246,slmko
1393172100,pfcvj
3055249970,giyzh
1367133804,knoqn
3657791273,vwbc
3636063688,knmjg
2553231510,turwa
3188967171,azbes
1467937641,obbxr
1088922953,iktqw
2903565175,viguy
3992623136,nhwoe
1644051286,qzpcq
1676912242,ymgnn
4066172236,yeefw
1539493608,xqaix
3060606513,oqigv
2119362730,egdul
2328718447,gdpau
1672017290,ubvtq
1105265908,yrnyi
3890703244,typpp
2177025921,jgtfx
2847916857,aslpr
3505500424,styzw
3881382183,dkcwe
2776098985,cdwif
4059429806,gleoc
3783918541,jrvip
3222988742,cagsv
2989262427,ctrlg
2182989030,biswm
3583127997,sqtnz
1517811597,jfuty
3822034938,qlhpo
1372099763,pipaa
1132273771,tsmrj
4194447837,uoulv
1663295886,kdtmq
3555766040,rvpuw
3145012383,gmhad
3728291993,pjrrh
1234063374,caxya
2555836739,ukutb
3582748270,ubizh
2098113747,heriy
4138947743,sblnf
3433315199,gzujr
2855040901,fzftr
3869700106,ovmcm
1083727434,qfklx
1074334863,rioij
3629019862,iihup
2078102349,hmbwc
3923244031,kwghu
1880530544,wtrls
3760258778,ahesn
3190429225,szzpy
2416737591,smygx
3764022371,iddli
2564851733,rflbf
2081441077,gugsx
2921458296,faeid
3156609889,wjhkx
2808538815,dykkx
2253448166,qoyow
2645341911,cyqby
1362741136,gmwyc
4163430637,ksesr
1801247231,xgqkt
3829804231,dlfcq
2000678806,zrauk
2488403772,fszgx
1594313174,bhkzf
2912159231,irhsn
2610397485,pxetk
3642978452,wqwoz
3978611510,rxctv
4031527239,gbugd
1047087182,umyip
2344550868,bang
2176000073,edboz
1476323710,evwbz
1621328902,kyssg
2719106958,daksz
1571568049,bmgic
2928311431,demsw
3564666642,yqmtf
2625190222,whloc
1741933533,lfllf
2667397858,hcfy
3973836122,npfeh
1211656648,torwz
1160154316,yaeuw
1280202168,cuann
2388385242,qqypz
1743596913,libe
2955799172,ltwfu
4148105355,msugj
2002517500,ihjui
4147469238,oovid
3604227510,ywioe
2963062040,hdgxb
3790131988,itnxg
3303374785,gqtzy
2684972671,bfvjd
2180079821,bmive
1954911783,awgf
3862343036,kbiiw
3176254586,arjhv
2170371108,sltex
1521781871,avtyd
1626095714,vfbuf
2775591534,ukuay
4060553917,uadii
2434786215,qotyu
3203447064,wxzwt
1504505304,ifqzb
2526587262,ncihx
1544626290,tdgnq
3400519109,ovqrz
2523415326,fcnqi
1647248621,hgeoj
2617446575,uhrua
3061368872,jajk
2787175388,ivggg
2456746308,aatmo
4116490451,gozlz
1545946216,mhtww
1023476688,pmszo
1999132534,kybwe
3574308800,sohnl
1017232765,adnzo
2010618163,rdiid
3348567407,cyxvw
2626465400,khsll
1107915174,wazhc
3250665284,vxulk
2754607028,wslik
4167303252,dhifg
1261058741,jncmi
4199232820,okwaz
3507885782,enwve
1254568182,pqqyo
2080190478,mccxx
2555085770,okdna
4228727903,xpckr
4226569552,woic
1708771691,tpvzn
3452063854,pozgi
3380442524,egnpd
2139694133,nuwre
3687878898,dwfvg
4254675786,hdyu
2031935637,quuqr
2772440264,lsdxx
2546087539,wazqb
3501775124,giqtg
4118312979,tkaow
3063977710,cvkoq
3311829755,svmgo
1390034220,zhwut
3448239233,swpez
3578658957,geptq
2744592453,yqjkr
1016604759,fighm
2744375727,qckgo
2110300953,zrmab
1789872756,ijtto
2136214257,aemkl
1904701877,yhetf
3515087294,syxvo
1940838673,xpzsx
2261335050,ciliq
1064789014,qzsnc
3160007150,xzauq
2297115383,ereum
1714272968,mxxlu
1318690418,fmijo
2298433354,omsav
1540745647,wxypx
1272482769,fgpxl
3453382412,gkmrx
1020621207,mzdjz
1873745336,hfeag
2081694511,ihgmz
3535268246,avpce
1218354082,zqzvo
2337792627,zthnh
3437444286,sowds
2677572855,yzcea
1318814884,gzyjd
3866438110,xfwcc
2323123145,ntguu
3146360985,ppowq
3606820570,zfcrk
3668095545,jblcr
2808578618,tegnw
1832051989,ajqww
1080752401,jqwul
3464922079,kipya
1543974693,ugsm
1692427716,izcv
3189291493,jzowz
3572687795,pfpnq
2207256974,oaect
1282883674,sajud
3628537887,satye
2052605576,wsazx
1686498177,lqvi
1703869983,hpwvy
2541984911,licor
1825987405,qlytw
1305719810,mkety
3186432334,gzdhs
3059783884,xwltg
2328932714,joerf
4287716513,dagsa
3722236182,nnaxg
3014942463,oguyr
2476640526,xszge
3908760719,cmgqt
3859825471,ektj
2158014616,cdcae
1389814309,spkrv
3693796995,uuqqx
1275741687,ncwke
2006224734,aflhf
3527598712,hfalq
2872786946,jxraw
2790041200,xntkg
3219424756,iindu
2564295955,jionp
3014437610,xngha
2504043726,lanoq
3537068569,ztbwc
3162520792,repwd
1974471681,pbrym
3287420248,mxfny
1071615578,jotco
1055958091,lpcyx
3008328837,nafmk
1143936829,arebf
1518134614,odfnu
2636170580,okvwx
2571655589,yihvz
1736551596,fkfua
3703143800,scwwt
1773593688,axzpb
3888226686,tzqib
3915949009,fgswq
1682531522,xosd
2686491655,okjcv
4012590777,muizo
1118191581,jhlcj
4232881310,fiiuc
2013697083,eyoet
3374055627,zgvwf
3339755862,qcowf
3155466934,jzrgb
3689274719,xnwtv
2399753040,ncydr
3368182743,cluee
1229529912,amwjm
2722454357,cybfl
1956727755,apduj
3722087084,ixvoe
3677437725,uosmb
3995754745,zdufn
4246627609,oitpb
3582935664,iymys
1483567599,hqers
1467347485,qhwtz
3232425746,voixy
1859271843,ejvxs
3768656225,hynft
3380241304,jhsad
4117291210,sesry
3320623181,eqnah
1637601314,cfahj
3155393159,knjiq
2453775789,gakzx
2824753964,scrin
2443098342,pwmfv
1717374214,oyzlf
1680209567,gnyyk
2862597998,lhlru
1094572569,mljbt
2711604540,qbemc
2677498207,fpnqs
1068563921,qxvsw
1279820499,prljt
4018389069,ygvim
4263404089,ibhox
2824876945,pdyl
2965901480,sppdv
3528929183,rsxlp
2496229997,ffusr
3900052942,cbeeq
3534501136,fpxrf
2666238708,dfhzn
2321291849,gqvwn
3891385382,lhjnd
1762023001,shneg
3612622805,qdpyl
2996642842,tjgvv
1621966702,lbxjq
2551033817,hakmc
2642605023,juqet
2901920684,ybals
3299898231,frctf
3916780847,oqdne
1650081799,isnio
3304834557,kvgzx
2273585615,cejeq
3356130495,oaase
2546402981,wmapt
4023550021,uriva
3469290136,jlqsz
2205581391,fqkoy
2618633510,rrrfg
1053896466,zdpsg
3907395920,tpnda
2055184717,mvlzg
1987777274,zdnfu
2311216250,nckgt
3464517313,fukxw
3303677610,jtmkc
1357639235,pkvvm
1146065803,bvici
2243404061,nccod
4238439639,uacem
1303487871,hbbif
4261173933,takzm
2867963178,aeddd
1983710171,gtyrj
1274683934,yjcku
3080888902,bgceu
3666917198,vfkyr
2226100073,yexgb
2798676931,nswoo
2704404420,xzbqu
1075946300,smdzw
3820293286,cwtok
1331958208,nxhmn
2658149733,lzhda
1965506364,fjxsr
2176952150,kkhzi
2481359938,fhhiv
1240886170,yqpxs
3083870999,rptvr
1740315691,yzxnu
1568616947,eqkll
2326129719,kpxrp
2362695147,yvctj
1505383450,qunbh
1002370736,rkfog
2113827223,uxwnq
2550331665,gewed
1375979880,xmqpo
2137976097,rtglw
2069884984,qmwgh
2882928155,bulzr
2860515401,dypv
4022557572,cuttk
2104262324,tamsv
4256888651,xbhfd
2506379755,onpxc
3546943433,begdb
3423074284,zzzaz
3253471327,vkpkm
3030120058,wydhz
2404619595,recps
2488874161,nfico
1588277028,elalv
3603311316,qrmtp
2556535023,sqlcf
1282571648,jglbj
3105623514,ocfti
4112414964,kmhpt
2171629810,pnfwi
2193782028,lyzgv
1147424392,uhuam
2090766260,ujnor
1345451550,fjwo
1972134507,izuzd
1969620806,bhisu
3456113343,khdms
3411274184,pmgdw
2925307123,kajis
2131986848,grnvu
2988297252,exroy
3265142513,vohyn
2531049503,eeygi
2906566389,nlfkq
1319699378,kfgxz
3675471588,hpvba
3926882921,huwqg
2462490395,nwofh
3941136800,gzsgd
3568961237,smrok
4270755972,vfqid
2762079042,vutlj
2686000408,amxcz
3694485997,zirfo
1613810839,aonxs
3265082382,ughav
2938347782,otmgw
1002091416,dqcgj
3458701910,qfvcg
2930692144,venpd
1129955884,nkjbd
3267326823,izrwk
1153574066,rjszp
1997046864,vudsq
3455255991,imgks
1477377906,jkedg
4014217707,paqio
2270550406,qvajs
2888925146,aqtdr
2260693394,hynzs
3726266147,spyqw
3855223352,obpjd
4056826847,niphe
1649726274,oemej
2185041261,wsrks
3285566694,dmyss
1517921645,usqum
3414215339,nvpdx
4045207032,slzf
1219252438,zdvsc
3952683771,grhqf
3108417469,gjny
2559002701,prwpf
1709058573,aoytv
2991785513,almdz
1296891120,xqizs
1300172252,pplwe
3724606295,mlukl
3015918644,iuedg
2773488870,ogmiv
3335814061,etujn
1629291965,gnsxz
1580228974,uqcdw
2100821755,vscmq
1514301187,iimnq
3495978400,shjiy
2204038104,dbzda
2337331423,nrfkk
2065744858,ycgjw
1897580344,xpewa
1889431723,xrqrx
2547826831,yyryz
1213333607,dsrtm
1148227821,xuobp
1598569431,wtgox
1777180445,jusrn
2790693656,zhwgp
2846128428,damzf
3496027920,fdyc
4137922351,jsqxd
4138252999,qubsw
1777902330,tmdjy
3241770115,qqewk
1368296667,hsnlj
3763886936,ajfjo
2703914264,iydw
1839597564,ahyqg
1161686888,vhoue
3787070490,plhwm
2432758690,alftl
1253945533,dltok
3848108109,zhlcl
2094845680,apiep
2495615490,fpyhl
3162132872,tesrp
1166379564,vkuar
3995864807,wvcvr
1311709898,inkmz
2302043774,dntep
2405833780,fiwog
2409906703,dnil
1354317958,dewng
3843253067,kowgl
3621331691,ilcvd
1429566600,wemme
3634028451,xzahf
3018048384,rjupc
1375539733,jekzj
2351897623,lvuax
1499100239,vjnlj
3865992606,tgxyl
2921021480,gtnkf
2967703766,pprxn
1185265633,hhrpv
2450492319,gypqg
2570263627,fcfzq
1370220652,wccmy
1574415527,hqrge
2355546313,semnc
3994670891,hhxjf
2887476123,rgvnc
3905350233,canx
2644961215,xucjc
2680618449,zvzbw
1520490573,nqgqp
3707041532,stddn
2379046120,kdriu
3091667263,wnupu
2350311229,zsxyb
2844890889,lvfxd
2962082446,aanja
1014837592,lscyj
2994742798,hflxn
3145701010,xwefs
3658932111,dudio
3790384600,jxmir
3036508961,qicsr
2318206270,ijsdg
1776299250,zdeoo
1814015873,jdhde
2466123462,uwjeo
2093868651,wwzae
1569034884,herpf
4195476380,ocixs
3849509907,cjicb
1041317570,ghdhx
4039169372,tlpih
2017166558,wzajo
2556349654,mefum
4100929148,zhhtt
2365805957,znzll
1299705734,afcek
3046638254,bumyu
3832173747,tgndy
1389541677,nrnnv
4157285210,dmukl
4203880931,waazj
1732319193,fqdkb
4078750888,yxqln
3962116083,xbqgx
2850627594,eqktg
1350601953,zbeiv
3676990808,ktstp
3917201397,cvmjb
3478067304,ruld
1114660663,lmsyr
2752755747,xbift
3727638376,vjhxo
3113346110,uxgoo
2732169207,cyddy
2400067096,zlkdi
2370872515,demu
4199989522,afvoj
1118909675,qmban
2807505519,dfoqf
1391120686,egfgb
3663171746,amhax
4285377807,onjey
3057946719,npnjo
2004421106,rlspb
1687711329,undct
4007551693,srjai
3877399542,ybnks
3599168171,yzcfy
3140872795,xbyaw
3457960798,eqwbh
2112238924,zipxg
1135254867,nzvur
1851822019,ibojy
3396788189,lpivg
3545387780,bnyvf
1600049704,koyfa
1114088686,opvvp
1184436207,jgfhn
1033511058,houfp
3496600766,yzqa
4177036515,peaef
3798860510,cukph
3020101357,vxjuf
1512933526,xmfdd
2771582099,tvnav
1447913488,dqhfc
1211105280,ftwlt
2757274490,cbyzj
4206383994,odwaq
1288975289,kvhzm
3729202139,dpwbm
1527208492,knmyu
3625204185,lxwmr
3836204287,sxvq
2761502170,axtzz
3713680014,cwgnb
4042201150,cnjak
2518360675,lbaax
2770169366,byfgi
3769147299,uenzx
3477213123,kpuxd
2317203551,jvapg
3027362443,qwrfo
1130650605,jhqzm
2711001535,ebmnk
1293924320,klbnl
4115222972,aispv
1216088356,qzldk
1629057750,lxuqe
1604911755,ssgmz
1323880242,igtpm
2336236995,voeyd
1324396190,dqdro
2152093706,jhdvh
1277470700,fkezs
1500510852,seodk
1871507690,jrmiw
2937448205,qjjfh
1651640547,cmlss
1086340962,muqak
1970263632,fpwok
1486197964,uswkl
3729994163,uwurm
1779057920,ktdhw
1897361227,kdccf
2632745911,wmmds
1587125957,gctie
3684494565,aslaq
2511104734,hpjxt
1322802852,bjlio
3498365065,iybdz
1998334588,hrtxg
1542250923,rrdtl
4173230943,zkhqk
2136274411,uxgqt
2433743549,xihhf
1229466528,quxax
4089637554,yoxzt
3777473851,cxwbo
3679426485,neekb
3367761594,cubyo
4108584286,kzbnh
2768009623,rkulh
1689519772,oakkf
3333410304,vorxz
2420897397,gqdbl
3329194583,sdiqn
1512248017,epbpm
3606066819,xgqvm
1601256710,yfkbk
2640283963,yotmq
1441338258,pzjyx
1171446891,qlvzr
1353462040,ghdfz
1914921468,quunz
1942417039,bamwi
1355575994,dhugy
1289476210,fejkg
1529985257,bebuj
4256891363,kmxce
3591075592,vsqpf
2607286035,zyqkd
1233583465,cemez
3695814120,skwql
2760771350,vepiy
3760542454,krdii
2437314614,lezbg
4084614133,fwcjv
4198455494,nggju
2211268088,rdeag
2311502008,wcwmu
1480310076,yylex
3747138750,mfdst
3176570503,vnzzy
4062425733,pyrvy
3743150814,dnife
3168557226,bvoxw
2327980422,ghtfa
1393713288,yszmw
1703154351,tlldg
3999052484,aersx
2900759485,bsuhx
4081176515,jummu
2683123479,lbwro
4189479638,pwzao
2685344066,yzbpp
2403632591,wjlna
3814170599,vwrlv
3895542971,tpspq
2415889600,hmwwk
2503781598,kfswi
2481674903,xesiz
3355048645,patmi
2298925753,vxlqv
1487827893,khghb
2116928497,ptvbb
2588213593,ungrl
1817171752,qlzaz
1275583154,uoeba
3768238568,yjesv
2592569757,oofjj
3092952007,kuhwt
3232243390,emanx
2509530265,zetnr
3887940434,hdzht
2331057818,kftxx
1281685760,aglpa
2985022007,vgoqh
2961251590,ljmar
3465104052,nocvb
1664247120,ibjeb
3869860673,aqput
1926158814,fszzj
3091388550,aixnd
2751393012,mgnpm
2375632431,xjpjx
2960299846,fleum
2310747435,fwmma
1810492477,xagnb
2158491828,ulzla
1239227624,ugrfk
1401223923,ptwct
1736172928,nacmy
4152295063,yvllq
2752504526,sxwsk
3892356896,axqtb
3461483839,nuiik
2409265923,kmyaa
2198033475,gnglv
2589705428,ejjhm
1261214468,cfrng
2278533522,jzupa
2374741407,meimm
2986251495,iocsc
2639974130,qiqvq
1634284051,cnwcp
4149613481,fwczu
2949953995,rxeya
2852771995,qictq
4291229474,svlgf
3702570037,azps
1445662442,hijeb
1619295014,wywms
3243960413,ksdbp
1783384096,dmges
1009296880,vbtog
2899750335,lwoyt
1142141777,jpdqf
3390213869,anxhz
3025983781,joxtr
3788912398,qivfp
3666757080,wsdeh
3782235520,dhgyi
2732392891,zovym
3236127333,ojbqi
1085239728,hhmdx
1668754455,yrkmr
4278132751,ijemu
2953408480,kpqld
1274175259,tqfxu
1641276277,flwfp
3446848602,elqnt
2511164703,xfecp
1625458953,tgtza
4064873375,drydm
3317160319,xcnhr
2787471697,whwld
2628121177,llpmo
4290699126,uyvfm
2225991878,jbucd
1768548842,scnag
1257563675,zssqe
1960100352,bjvak
4240188912,iikat
1656069645,lfolt
3730659344,zbtcl
1774092825,asloa
3019235807,sjzay
2424067761,dgkbw
3575145377,dhfot
2763997623,lejdk
1244827933,yowgq
3401490388,cpeug
1399773737,ppxdy
4015480013,fwvak
3866729158,ulrmj
1487780203,ybgkp
2766429377,tbrwq
1384785181,qazeh
3035787378,qsfot
4003755949,bhuwl
4167500894,woaic
4191638227,rcqpo
2585075120,hfdzh
2070390529,ifulv
2091361020,zbrrk
4176106612,ddxaw
1808124549,wvzqe
3919292748,flfre
2157633784,pawqu
2182261001,fmxkl
2697279649,tbbpp
3292766411,dqcsg
1672205828,gsgxe
2021794688,ijhnk
2329130108,hrayl
1156712246,zpjev
4247079192,drdvq
1052292217,dfqce
3029643650,fuitp
3748704700,dvswi
3938754914,kwldt
2138155278,ezhdh
1133378510,sjvrx
1807387407,mtetb
1904571263,vgktl
2777322562,yaiwc
2725939348,xicjn
3571053938,qjdlg
4051875826,izxcw
1666198295,ecurf
3801339929,bzbqf
1658664295,rmlly
1973418624,vxlcw
1046611620,jqoge
1219556662,qwnwy
2533955118,qczyj
2776698435,ivkna
3890766192,quwmf
2000973428,rqmuf
1879766741,kmajt
1279311474,amgjo
3365573771,qjman
2790628332,pyubh
1106129680,vrehc
2493183525,ajakb
3738842921,ebrdg
1304054991,mbqvm
3764045975,norll
3702927462,igggz
3469809919,uabhb
4123954519,qfdfq
2984384732,fkuku
1447149327,ziotu
3036629630,tmdnc
2982626702,wtelm
1911354634,ifafs
2095117832,ncfup
4061066542,lqozg
2535991027,wdxjz
1215273574,ztrqs
1627127262,kictt
2934326278,kfxuk
1848762704,jkcik
3507795520,onvat
2465780091,pnsmb
3696920967,pgtnv
2525837920,zecgy
3210252562,ggqpp
2159919372,defjc
1270463157,xylgm
3045112100,nkrgw
4164084758,lnmxl
1766208633,athig
3616646323,zdceg
2187154297,dnwee
1093178063,xhbgm
2088279671,jnmrk
2090189427,ludvb
3736889972,oumqm
3826429360,gxnnn
1360762999,whawy
2925989583,kgsuw
4162243097,ttonj
3749032357,siawb
3963645640,aykou
1060278263,ncxhm
2701418665,pwuxb
2298764357,eoqpy
1591831933,wzkcq
2490727672,dfgfm
3316305099,bskdq
4220864351,tvybg
3937109286,lvise
2585025427,bmwyg
1103958973,xsczu
3575677411,stlxt
2203647658,rjlav
3917266316,ikicl
1805631207,duik
3974194966,baiiq
4197291827,qddbh
4198944471,bfihp
1876381403,safmk
1784918796,qbpkf
3335132312,piywg
2859033064,epwti
3266184079,ypaba
1198004292,ddzwn
1340778410,rrtxy
3386977391,cyyga
2482879168,bvxev
2604836485,fvxcf
1735919051,pbldr
1966611324,wfiuj
1559339653,ntlit
3752148755,ufemo
1221667390,gwdce
2402112422,iheou
2106229342,dzjkg
1075447609,qtlof
3944501189,ythpy
2227915436,rfsgg
1783839333,evacm
1038775472,sljqj
2381870739,tvmgs
3067282797,njpno
2296455480,kkutv
2615090341,fialo
2075685579,btecb
3719443566,ydvgq
2505262644,vqoum
1138398512,trcjr
2794206527,dhgbu
2202118064,qipjm
3372615996,vxjhk
2843287983,hkept
3520926970,agcxq
2405654880,wfvtv
1336860883,igqrw
3665642667,bwken
2119261824,hdvcl
1736664492,qarwq
4070609771,wzkfr
4293919521,vjprm
4204887098,lowqd
2661010054,cnfng
2128632351,kzuoa
3703109383,eyfit
3731317963,hclim
4125348881,lqsar
1065401032,yxzcb
3747315990,ikexl
3872872245,qvilg
1174331453,tgoey
2449562554,etsdg
3907407140,swooj
3038736961,aydjw
1006244487,rfrok
2039762204,iaeyo
2516923621,cktke
2757820088,eacbs
1028565745,biwds
2238615751,bonwc
3341702640,vcwfs
1826395428,mvpax
1360765843,enuit
4000883422,zinum
1476323415,upxpv
3110781908,lirwx
3883417998,yhmu
3160015688,wkvdf
1445112389,bxed
1564009470,mampz
4212795948,qkdod
3187911229,hlvix
3864379758,fnksn
4142461823,aeiku
3689201144,adhvi
2856123290,zyfsy
3480039431,utcjq
3916995560,kdhvq
1376948911,foivv
3756466023,mygcj
3040294060,zxaky
4213486829,qqqwa
3569033910,hossz
1882347053,oqjul
1816462396,anfor
3902498522,dcvrb
2382978489,pzhlv
2814850961,igkbi
4145729752,silcp
3777437756,ticjt
4020274945,gdubz
1061671516,ihctd
1750723349,btrjg
4174234582,zacsr
1133081646,rusmn
3244372268,yjced
1815152718,omdvx
1067309012,istxc
2737905481,fjsxq
3134286343,mvqpq
3477187245,gnoik
2908534665,zoke
1022023786,mxerj
1480245647,hhzc
2078991381,triog
3108388351,vtgng
1206981732,hwtve
4208776472,xvwlj
1437688060,mjgcb
2182569131,gajgn
1418705477,jljze
3055217362,oixgg
1581917638,lgsaw
1214775741,xbwys
3431308800,jryhm
2250015543,pchae
1189375291,prfgr
1041922233,jnhxx
2189994532,hzpzt
4055811729,vpuih
3541424436,hucpg
3494621158,kxduo
3170342177,inshz
1432585508,jukft
3868734799,rkxhh
1054049982,unjhx
3987521542,joxvd
2921316396,zobml
2973094463,mzzpy
2118689916,gyydc
4046500297,arfrb
2241614308,lryur
2245025775,ucrij
1108309913,uzltu
1628692140,fuyf
2926546285,tbuw
3000402372,mzjjs
2983502568,mhhnw
2653276739,kcfos
2607128527,pbcq
2633969389,ttevr
4290735573,ckpql
2850634170,otofl
2908769959,ovuaf
2821472741,vcltu
1318709305,szgta
3616398809,tlkqa
3478522732,ghyst
1322483302,ipxbd
4082199870,ajzjv
1234841525,atttp
1559748470,njai
3672273932,gqowk
2482597120,uwkdm
2943480973,ifuik
4109573256,xfowd
1973983799,subcp
1248646543,jhex
3219629653,zbihi
3466957499,xusjy
3706745121,rkjek
2413055398,krzof
1025076067,xgpjb
3734490805,jkswr
3475569055,krlh
1375963233,cbgpb
2638348163,qniys
1399042016,pehow
2162494052,wcglj
2942829128,eopuz
1658827306,tsjfm
1553140338,justl
4152261053,ruphg
1811638361,ynaqv
3063109386,guivu
1009874464,gsydb
3802835873,tvpcg
1544977528,fyzdf
1349135497,yzoho
1409849511,jzxda
2312256872,qytsw
3074619144,ymvkb
3650754033,uivml
1429004561,hfvaw
2444626743,wxzxt
1287558937,xzud
1570268455,leqrb
2791160775,twlbl
3822267235,eqbnp
3402872457,esptc
1314746037,ufajt
3159685954,csdwq
3478546686,brbvm
2607431350,iddgi
2583643920,rnnat
3234941903,gznbb
3591336673,rrevp
2553250354,whfbg
3895891029,moab
2093920157,xvhjy
4243872726,nyijw
3469181234,jvywt
3226993259,aupdd
1064512628,pbuzz
2912752534,quqeh
1979364264,gzbcl
3537124931,vkfwa
3086800240,bbjge
2984854378,agvcw
3189036153,imaiu
2943771943,khuzr
2808253424,lmjmi
3857446307,ubbbc
1624716230,bwops
4078652666,arwry
3414883320,wnbzp
2404755611,nobjl
2194373529,rusgz
3330284464,gfank
4005519255,yelce
1323685586,mgfyr
2738272160,iwheb
2350541131,niyca
3756768267,ksqfz
3283839680,vjvak
3851525189,xvblx
4011074197,pqrdr
3062122606,pzaqr
3908670507,gjlur
2978033939,xubav
1602539045,hjjaz
1238059858,kfkuz
1104644563,awwdu
1893171889,mrtye
1917384618,dmdwi
2650274266,yuclh
1521961470,duoni
1181716388,qdfzx
2336997712,gbyke
4046033964,nlvoz
1093786865,kgqro
4150636298,aggqz
1353592592,zuvfj
1286543167,ydtus
1237011189,prnbc
3862741137,npymx
1602746778,aogsq
1251546516,dkqrl
1787762023,dqspy
1293095013,cppmz
1143081618,guiyg
1541669474,mifwb
3068284264,tatrg
3474526183,ljceh
1269552870,ophyc
1759413297,jcfpk
1294527622,gsjnd
3922047836,vcyai
4046783595,cqkaz
3341262517,tmizh
1036070440,dvegz
1680590879,arvwe
2314424566,uelta
3167870946,qmswp
2761882454,imbee
2283580836,glmdb
3121713593,bscpn
3056303641,alirn
1404487437,zxelu
1750302206,ovhsy
2521926235,tiiij
2426164196,azfzv
3892438019,lmauy
1107625697,mkjof
2749513589,qlzc
2394801352,ysnwi
3023917306,rqcg
1487736040,nhzly
3626733460,bmlmc
1830605175,gvxgh
2644647619,mzgkc
1642996976,oozar
3384908785,keotk
3077403511,cfmqw
2885653479,xusjk
2913172507,ulqcp
1345173526,pzaso
4193790186,opwgw
1410011117,mxfsr
1967071711,dcmkf
3011135094,qztba
2688896416,fgfrb
3256937363,aemaj
2670519535,sozsp
1948237275,galrj
3813918687,fuqrh
1923705144,pjybw
4058479868,xntqd
1500139381,pbxcn
1981093766,kuitm
2074771454,upoln
1616481996,afpxw
3487128189,ftjri
3536366543,jgemt
2233366382,jheea
1482808524,vbvrv
3009944995,jjpom
3710407337,mrhzs
1715616711,hkgxp
3098724101,keawl
4285412754,fccnl
4165807063,kaeec
1318908211,lhmfd
2312161532,tcyf
3465834668,dlvxt
1535935050,uzfdc
1778673002,yggdn
1340802314,ypkpg
3773819705,vrxez
1932483040,yqcch
1374079156,aeufb
1738822027,gxbej
3370069216,jrmer
4220522482,wwhqg
1593932648,pxkwn
2985817163,tzfze
4259806842,qzojm
3445445178,opfnr
2372355694,lwknf
1666278929,awudm
2958223829,zsvfj
2580989028,mlprt
2888289453,kfesd
3429156216,wzfzg
1229215246,obmvk
1453301098,peyix
1712577627,xcmh
1129866014,wbqiw
3406026054,hqnat
1327516732,hdmmv
2662695048,jyzys
2321025962,uaqal
2529574121,oevmi
1658281397,dyvio
1205589941,yvhtb
2828739688,hwqve
1342551217,plsev
3678835422,mucrn
3585382760,naeer
1495784790,uylpo
1873166782,kmqpn
1510561276,jbvh
1360503979,vohjc
1883179455,inbnu
3184066386,ioghp
2257989797,aqfhq
3060380857,fppiq
2832696673,yncnt
2291606869,vjgai
1700923899,hgttk
1314755523,dzjja
2409780080,whuym
3492264118,xlulv
4285962235,iwmbs
1234398771,ccxkw
4173658204,cynyq
2873698169,uqbbn
3333158878,rzwpb
1756919432,xystf
3958881448,zjqxo
3714201573,zmjik
2480430861,sneok
2464496312,wtugg
2708967271,rmwaa
1103449490,vmjas
3700476589,pnmzw
3453208442,klvcd
2377565108,oabse
3686264190,wewfu
3703944502,npdfp
1780920055,wwdqa
1254405066,xkqpy
2397259114,ejzzq
1306764001,slcgm
3378873999,rlvui
2943835177,qaama
1864056227,juehm
2739796868,zdgti
1008758880,vfzpv
2272877654,pttoi
1193899233,ewueq
2066585574,oilxa
2511829312,tjxsd
2320121976,ukwqt
2903070485,nhqbi
2781546397,ctgsx
3190970033,ulqsq
1349606983,qrgxp
2243971583,beetw
3376027657,extrt
2497082772,fsahf
2466725347,ssosm
3852958888,azrrf
1815816098,kqle
4090627880,avkrd
1814723317,tricw
2138902152,nqfrx
1333298566,lecwg
2250058369,ygqap
2683080871,mtoaa
2100233319,apwgx
2345143721,ydlhj
3023818768,xmhyb
3370668339,fodwn
3070232343,cvezb
1180257382,ydedm
2766626770,tozme
3060620157,zbxeq
2161996794,uaysn
3084191255,mycdl
4011188380,mnsuw
2848537722,zdcrc
3398456299,augew
1626012909,rkpwi
2643459624,bkkom
2730809707,bucsp
4262650228,jxplc
3901867992,lfqqj
2087496580,nxfkj
1084599130,vvfea
2901128974,rycgk
2693372186,skrtm
3124019136,zmtkw
1105062466,mlipf
1090227986,ugnhs
2778889670,rgyme
3107113687,xirbk
2191197543,ntvup
1072484593,qjoq
1331659633,augvx
3366436020,nalgx
1723699456,niqlp
2244754020,vkdrp
1684233452,qfgkl
1379107649,skrxc
1469080889,xwxuk
3237775950,pvgwk
3723911869,nexpo
2917269147,cgrcf
3077774933,yaeha
3937127104,vjkxn
3609486216,qvwxq
3981726837,ssplb
2628644391,ljjvm
4188070910,dppvu
3774123627,xwzto
3306273901,dbmgy
3785542553,anchu
3286986957,tovxz
1617799208,legkx
2296803599,cqdvb
2004081974,yavrw
2973461357,kfmvq
1563786306,jmogy
1023123515,fygqi
3852063648,ldhcn
1521361123,lfbfb
1087385516,mcseo
2950928250,nzbbf
2279504821,pgwyd
1991318859,ioyzl
2431230498,dzfcf
2843253405,rrtqa
2395956101,svyxi
2675558298,cuvmp
2558732187,bsvyi
2315215845,jdedw
3837199445,bygki
3191569890,bcepc
2462291050,ccbjy
3045258594,kzgnd
1929762896,qucka
3449642564,chate
3219640836,tgseg
3770772519,spuer
2460546335,blmmb
1860847438,bgiyk
3557574424,lakdi
2725399532,dzttv
3800042720,svxzv
3717271281,empgg
1678028648,slnmr
1403992891,aegqd
3639317524,hjgwg
3737209532,pmicy
4216559174,ajjvd
3482876325,uveml
4060323434,riqvp
4158096295,qyxws
3776775445,llbjj
3444330385,twbfj
2418869824,jyrsx
2032228033,ilipy
4242034753,iwdla
2368134085,ualtf
1638527513,mjzxv
2472783593,eycgs
4292758050,gkwq
2835594331,notpd
2531121514,dqmek
2471148381,eomrd
1151989589,wfdum
3661993639,bztxz
2512991879,fkymb
2291961541,ccsts
4178328179,cktzt
1704819989,ksreg
3363403880,tyqqp
2980982699,hdjgo
3658458432,hwptj
1238018332,iwynx
2624533376,dvrcs
3747755942,kyre
1237506114,wavul
2545006306,hebru
2049991516,xgrkh
3497778717,nbvim
3124685566,kkilh
2453275739,tfvdm
2996792324,hvzah
3643047918,aicdd
1643610795,tbzrs
2168163525,fbjo
1593985000,jjqiq
3823098131,cfafb
3764104617,jbvzy
1192034091,ckvue
3131722108,kyza
2443625394,aamta
2132666658,ngftc
2288892726,xepmf
3155592086,emoke
3974071911,hxhgu
2155915964,adqgz
4099941434,wrlyt
3639918592,hcnej
3690185792,zjywf
1071556034,mlulk
3953405766,pcegv
2577515708,xvnex
3151164194,utsom
3156175234,iaovc
1986434368,xfhd
1986295043,wmcqe
3841318523,wvjej
3160357000,kevva
1950499681,qnbxv
2122627739,xbkex
1188131148,wbac
4152571127,nenbt
1796303778,ldavr
1040554283,nvbmy
3375834167,clmhp
3688668204,zjjzn
2131456925,urwcb
2323142795,bmyrp
1149248068,gbozk
3324924142,jnll
3024624458,trehk
2622153761,dqddj
3537942524,pgmla
3484141896,szsqg
3638532095,pmdgc
1191709492,uedui
3406020199,jkfuy
2520157525,jvimo
2663642927,eyflb
2929365359,crfbu
2539785057,gsrcn
3214118529,iinxx
3846201691,bolih
3133051189,exfub
1494277099,xlfae
2796497981,vbkeb
1523953508,lhkvs
1765869332,otphj
2360182145,rcrbq
2203461923,zmtfe
2366869049,xjlgz
1337403069,krvqn
2733433708,jcpvi
2856814182,dzqwx
4205186224,veeie
1316797076,vxwoj
1143349279,prjlr
4077135207,fpfct
2601699342,uktco
4292975009,wvdzj
2963292812,lwfwg
3481654935,epvey
2177640183,ifinq
1914718521,nhzh
2022638771,nvqat
4159528232,zuuag
2377645825,zddvj
2578678524,wmjrx
1812570126,mmjpy
1502382215,rfpon
1556681123,dgcqe
4241446699,qtoop
2211717197,ilvlp
2074751300,gybna
1073170143,drlyh
1114177773,juitn
2334381048,jokfo
4293886579,uansx
1586614502,rcyhm
1321756797,drzei
3440399573,chulu
3275096399,cdnfy
2118187162,sxtg
3415661325,bnieu
2041677694,xillt
1310404218,izeb
2379692388,gtddb
2039241356,qrmhi
3282502526,vkgzi
4182514438,iikqy
3753134520,ymnpf
1532190020,maaac
1965429269,wowzw
2036470267,uwmrp
3025569060,tyumo
3999041900,rjqvf
4179044038,voxmt
3149986623,rfmyk
2093665943,dlmfu
1637072279,lpkj
2842991572,uowlq
3619989593,qapdo
1570221978,yfsbw
1388110763,jcqs
2292639914,jozjy
1294902977,dluvh
3640680447,eznxb
2291770718,tgdtv
3238141674,hrggw
1558943657,jxnzb
3486835907,xlatk
2667235767,yglax
2099299776,udywh
3615833227,jtlog
1309078641,yptrh
1814924603,jybgg
2786098399,rkkuk
3708568772,xvfsi
3864613812,ikdcd
1148955705,fitof
3076214153,lrqoc
4054671204,jbvcz
1468261092,neozd
1769423874,jkzep
1107759347,qusvf
4173241325,xwgma
3057952425,kqzhe
3417292814,tqrdh
1452944416,rmqhn
3032233589,fuscw
3752620758,bmrih
2530945797,gknol
1746345524,itukr
2098993460,esslq
4212904913,itotd
1369807793,sxlsv
3868435669,whstk
2851310150,yvlig
1960395961,wepad
2407882497,gjhmm
1704943460,vgqdj
3314356988,cwhnk
1033417690,toitf
1676439353,fhqlz
2846589111,tulxl
3789008920,bkjqe
2959327974,vlwrq
3206338849,najms
1895040163,eawcp
2196102324,scfoh
1179927331,xfzkv
1551572024,quqao
4243213824,wupxp
1444388425,gxij
4071190950,gqrbs
2937694898,oypjy
2253312589,odonq
1503114456,qtksd
2760954013,ilew
1377620571,evgbj
2839491246,pjrwa
3205325658,ofsol
1280438800,jsmug
4012779654,beaqx
2021241365,iklwb
3345650999,gywwo
3108301559,cqcvd
1305893276,musht
3155906279,sabms
1069823505,fkrog
3033893214,qkpci
1671417767,gncdo
3974941214,nsmym
2656571331,uaiww
2636851579,fgric
4028231088,euity
1559966175,momrg
1589853854,ixvxa
2229124181,mcpxi
3945496200,dqsoe
2049946899,nqlmo
2074225832,kogxg
2237945213,nwpcz
1091325903,lhwgu
3953911355,mkopf
2224056636,ftlum
1340359671,mzqyy
2701488044,nomqr
1478531792,qpghb
2857895210,rpdqw
2038951261,eyvor
2463879476,jgoxv
3585979867,pounf
1543872450,kuudc
2950308319,vuuxe
3594014294,ctzcw
3644364750,qphne
3334914850,nedve
2857674470,naprv
3350303727,rcyqm
4154816988,cfjeh
2933660440,qosug
4282962607,rwzpq
1427254592,zxizu
3865795779,fowjm
3166593822,xfnzh
1402789578,towlj
2362144332,cauyp
1577170784,yuuys
3769324330,vdsmk
3521380761,qpnad
2974696452,phjks
1486274721,dilsg
2791826741,jxssh
2261961812,jncsk
2131193551,atlgs
1769039209,rzdml
2561831495,ulgnr
3121747377,nrxbo
4276136037,jlcex
1488852437,imkps
1427704739,vdlpe
1138980080,sxfgl
3261893132,pdcwy
1417998837,wfqxa
2077060727,qvbcl
2985272384,azcti
1584645854,wwuii
3208583805,huzfk
3490827660,nzyqw
3844490806,xvngk
2342060111,gugcn
3183635563,znfxs
2984160957,dekad
2252846351,hndog
4068309633,xeqj
4285107433,xbudm
1528313294,yiqbu
1765264736,edalm
4238304939,qgymx
3444379689,nfpdu
1147246016,udvwp
3202988505,rbvqn
3789289446,bwouk
4153342642,wrpot
2649601660,aeass
3534949054,zjomh
2872262991,rmllb
1842271335,yjcgi
4154480177,knfug
3336454172,dentm
2228258858,mempv
1318648367,kissv
3593550247,spfi
1100178886,qfffv
2735661721,innyc
3229730295,iknod
3132802710,lpmml
1790710535,padyv
2393548116,bhzln
3459571906,hcvoe
3907123009,vwqwe
3876026126,clyff
2397439997,ynrkt
2243389664,qhwvy
3024894310,mpsnn
3921410159,dmbes
4084925364,vpazm
1129320389,byaik
3187675929,pyzfh
1729846209,qfwei
2882149876,tiwjp
3629832432,pdzpb
2492737374,ulndb
1844346250,vrihd
1298622477,enbu
1656435800,nytzy
3653154754,kyncp
2023312993,aitub
3007983773,thzgw
2877806227,blpsa
1087348026,guhae
3358734138,eaajh
2447870385,drxev
1997587771,qwgzk
3095734972,nxtbz
1353077595,kdekr
1666058502,fsqgr
2761646533,girof
1048901124,khvnm
3462496659,bdlpa
4037239573,dajcw
1423104769,oicqe
2311180305,ohube
3189095433,qdqbl
3130026250,wwckw
3242535721,dznnm
1355461685,mxmxe
1606654574,pdyrl
1492765605,pjnaa
4142670131,ivlif
2763308641,lbbvu
2647406005,lftkw
1050466673,copji
2571533245,xssxv
4191145816,lziib
3684598073,efoqj
2282621562,wouwg
3449782453,dkise
4024008384,mnzhi
4233177218,sedzw
1641116647,sgwiz
3175023838,adhap
1518923590,hcpor
1315195974,bdagx
2544810917,vswgh
2584754060,yenns
2789033303,bxkz
3895974500,kidps
1023608250,oqqiz
3909227037,jines
4175167554,qeava
1796338062,rlyxz
3400057200,mhmu
3474548901,eacoz
1838213697,nswyf
3036326054,laxew
1070376091,ptear
3384498497,zcanj
1839658017,uyynl
2847299582,zghwm
1056346675,bqmew
3513695134,mhqnj
3173395620,bfjbu
4030434767,guusy
1493906208,tirer
1858570362,bmfic
1496128803,mokcy
2210902406,qnjuv
1260681238,lfcmy
3035318871,sibgg
2382157896,xfjuz
1436912242,ynzyi
3325628954,tctij
3984930328,owunm
4264754263,ojidg
1641245149,tjsyk
2762810415,bpnvz
1399816263,pycch
4157322924,nmolt
3116517726,lbevs
1744620413,olehs
2478574287,wixjw
3700130254,vnxed
2740049650,ywmkc
4201116297,tqodv
4128495690,iuukg
2330893918,jwtpw
1347343677,yafad
2481800342,vriiz
2159189973,mngcw
2722519583,ugplf
4152551501,eapjk
1344311435,qfsws
1443464031,wjylm
3525529531,gnpdx
3564652292,xkjvv
3965872737,tbmtw
3316389962,gkchg
3481940698,qeslw
3476546497,iiyre
3354570204,qtcmr
3895115588,pygpp
3529127103,fewgr
2955904628,uywhx
4143908396,aaovw
2032922080,wgfca
2939065237,bqukn
1807409417,osqwx
1616642422,ybngs
4118943822,hilzq
3279989769,dorii
3065839848,hdkmj
1984184005,ekite
2474928928,iiotq
2667551362,tyjkq
2213057076,balzj
2416182149,cntks
3066460296,mhwwt
2494206700,rxyan
2097890053,pbdff
4166827088,faozq
3731153497,fpabj
2853564107,uzbpt
3403891601,znhrf
2940017311,ldmyj
1743543657,gocsp
2693992476,dxkhi
2184268345,jnpln
2764890772,qnyft
2050763063,ozgad
2705684042,fvrmy
1890774287,yddra
3952405030,iofij
2062190634,gnrxu
2975683829,rsaop
1274746090,kfbto
2112420520,nqdcr
2059579183,jakyl
2506464349,rzamy
2305169438,gdcps
3634593043,fxkfa
3620097761,pfepc
2991206968,hjbbc
3133341164,qjbro
1639157447,bnnxb
1476946588,fmmp
1796613148,zncdl
2593268162,hdxyd
3149744849,psmua
4137951287,dnmra
2007364118,iidbc
1421998759,lpizc
2960472264,vdxku
3600838916,qbjmh
2138911107,iofir
3075785185,mwgfr
2479380068,evqra
2317865965,cicl
4279251945,lbolq
3607231329,avpg
3396423963,pzcem
2523966938,frjze
1292813744,kpoie
2114912981,sxuup
2955102866,xqklw
2439070471,unixm
3006181913,mswrv
3429019068,fcxmj
1454200947,evbot
2344621419,qhakg
1722386178,ecgbp
1772951582,btagh
2935275482,roqwc
1795057579,yjwjc
1215960354,kdvjo
2346727118,nytri
3772006695,wfnfv
3601159554,tmlco
2056570661,ejitu
2413616167,mbkhe
2451038920,dnsbo
2853837850,xojcg
1200848650,xtudm
1950659763,qdkoz
1144969427,ahcrg
3734501485,zbykj
1738759885,dkuaz
2623928806,gbmxx
1609055169,zhvxz
2757940350,nwlna
3721610626,tqrpt
1121682224,ijmdx
1258983152,jdalv
2390153414,lsspc
2439893471,glvue
2685232670,fmsrk
1216194191,jpkpb
1118858556,zjoue
2129915193,mzzvg
4276202869,sknyl
4204712999,igybn
3982158072,dxhfh
1834303298,xrryh
2328697903,lsyiw
1136875748,qisby
4246440912,yxvaz
1984399299,xlgey
1620785076,srrvd
2827451953,vzzbi
3188934304,vuioe
2166152634,cqioc
2773382396,auuzm
3402827931,vgcri
1312952797,hwvex
2509068110,xkvvl
1086239475,lfquc
2301467840,zfals
1679723168,szbdt
3305185690,caati
3490636909,smsec
2654955581,ikviq
3110402618,bwqpr
3259466734,qeshd
2939613157,suzqd
2681412340,bmvpd
1469546164,mexdh
2731725843,txtnv
4278173015,nbksd
1232400911,fsreo
1420284636,gatra
2457874939,osouo
3816092334,lcddw
3843677246,ifxcg
1289113207,udpsx
3720345390,ydiob
1280352428,oeyvz
2447779189,edmrh
3992186859,avazw
2595598823,yuate
1367554582,cicdm
2486317619,sdqwg
1996472595,xtyci
4244912029,dsynw
1825054762,wzpvo
4175188324,qpbnt
1918000623,tgxyj
1173442116,ytlox
2310594094,dsjwi
3771360008,xylyp
3789037999,zhbzw
2012422653,uqeso
4147240193,qpfnk
2332778510,fnonb
3699265396,eevjo
4157465639,qrnnf
4085041502,vgqki
2259742304,rrxbi
2638761785,zxuwd
3661928324,utum
2970875700,vxhew
1881196556,eyuju
1230448070,lpdmj
1996354987,kiuvm
3898163820,gsfsa
3748813861,wdeys
2062709546,lsaxq
1578157398,yihwy
3832247519,qqbzk
1169486446,lssrk
1069359454,yvzkx
2181724591,bdgnx
1137714829,hburf
3789648002,wijhm
1694269258,cbxdt
2232396305,ijysg
3417560528,crfml
1630730668,npyba
1358828070,wdwdr
3313857809,tyogd
2274060779,wdehn
3499315187,fehzg
3230315479,rtwxp
3005012966,nvspw
3032630693,pqtvr
3267110358,juzqq
2653907670,tsawl
2055266450,utcsn
1528394819,kgngj
1834634301,tcmqo
1536473483,vkbsk
2852792174,jegkz
1713023962,cjwmm
4090673749,xafqf
1699320299,ytdwr
2330960783,qmagc
2819087224,zgpru
2965636409,oodnc
2385258020,ebljn
2921164126,vaeib
2580657018,fyqwg
1066717583,izqta
2100489552,ujrap
3213370531,hwlvp
2757975816,hskmn
2994202088,psjdt
1284959035,ebssw
4024248456,shpyh
4040643018,bnhdp
1675039296,sqalp
2602927238,mfoof
2561512181,yucrz
3873544615,ggbf
3616714561,hqjvi
4105408642,tqagb
4021540955,sxhul
3986963676,gyvkw
1176086501,rvutn
1080200535,xjbwg
1558867617,wdsaz
2948311587,oczes
2863331664,wiqdc
2006255296,vlbmn
2776768856,ceeui
2135814172,vrlpl
1437028103,lzecy
2881623040,tgijc
3399489380,gwbbg
1779403485,raekc
1346876975,vmemw
2487896810,viylh
3564519484,isthw
1043881185,ukusd
2048181766,vifbe
2524239279,cazab
3117541634,gvypj
2796678080,ymdh
3429132913,goqbc
3316980675,lqios
2439991028,rbjho
2335571881,xvbtw
3091734034,yuhlu
2316335023,xmjkd
3035789325,rojdk
2734431240,filjw
1879800613,bkxui
1475135023,ztmfh
1499404114,fapif
1208549213,pnfhg
2148983737,whtir
2635205436,kgoj
2440862520,jlmcz
1906231984,pixiq
1860148993,fosgv
1869654137,vstre
3294454582,pvktf
1840025678,qshfd
3072220880,pupkl
3163259196,cvdxy
3425580384,gmxlp
1229000254,dxted
3149508091,qehlh
2488399254,tvhvr
1698418222,dcaxm
1750204991,fkijy
3387515855,oguxi
2198755582,fkyns
3068715636,dtzja
3440745855,xxdrs
2950923728,uaxot
3963675489,xeeau
1708629713,bgqyi
1952868638,qsfwg
1501563956,yvwuw
3171192725,neltd
3798465181,jydzq
3715354975,jojod
1046028006,slgax
3178997461,tjwpv
1882571515,novfw
3324522672,domxi
2096081862,crywm
3862750273,ylrow
4001446168,oxkrk
3763411551,ecnpq
4120551696,mccov
2922780821,ibuil
4131895824,gkyac
1892677591,qcqso
2722944654,mykqv
2964233742,vzdij
1420798040,nrjsj
1115285570,ewsre
2901553446,amrgz
3517283626,wpubt
4276762915,oidcz
3178190636,wzydo
1257995064,nnkqy
3603741402,hizid
2710787341,qbgqu
1652570831,sqgzx
3619442948,zxpjc
2864335271,crsyc
2774974142,syyow
3112845554,nzhnn
2995303666,ckgsx
4171011582,xmigi
1086176921,zdjjr
2941488988,knpyt
4267821493,joeab
1835629408,pxxpz
1417792946,hmvgo
1172623198,aavuc
2184680047,qrepb
2143797193,tagjg
3694884795,wolvh
1839542610,qlnqa
1759044531,hjbxp
2998592135,bunye
3299702024,hyhzk
2044852683,pzqxy
3636338143,xthhy
2070839134,rkyyf
3850481270,hqgrl
2387625067,phkrr
2856581303,szexm
3003977055,wvfpm
2460384134,enkay
2502208289,heaia
2700176084,rkfby
4106485304,uuxpq
4105063294,vpchd
2785792187,dcxc
4038983889,haycc
2531951877,qpoug
1485344259,bqrys
2734046826,xtejl
1002052397,rqeun
4107256660,egokl
2028010681,ujgby
4247025639,vimjp
2987979034,mwprm
1805326463,mgcti
3641193361,kgwmy
1100218188,tauzk
1485506517,xhwqo
4055264266,wfacl
3125193992,pdbfw
3764851798,nytib
1739624233,xznam
3742934734,rurel
3819743472,kxasb
1854708699,upxzm
2276525571,kbrrj
2480751735,janzi
3798242324,uvwww
1896443924,ghtmn
2646702867,ikjxu
1655379275,etclo
4180514486,mxra
3620104780,qurj
2014747712,bukgg
2369340765,fwyuv
2627757232,ivlgo
1367066280,qrcjw
2240490578,dyyes
3543152426,fblhs
3856311267,xyvbi
1045713374,qtvyz
2474831721,ngmdp
3598987466,nzchm
1240378519,lravs
2342812933,ztkzv
2577735983,gebug
1021235582,hmuzo
1658495328,eooed
2539368592,omgqh
3234631658,jrlbk
1823444906,wslhl
4059778708,ocvz
1262643764,zkfmn
2952269879,qmybw
1024496365,zeefx
2604777874,yjizy
3315945718,dvfcm
1687465970,vqxhn
4281508679,ovojr
2780328684,vrknj
1763380746,vdrfo
2654303252,yqzzb
2995645031,hitut
1532551526,lswuw
3063913955,cwzeq
2979848329,ipthh
2470357365,pdhmu
2757020641,pldxl
4262486723,nhotu
2644918120,fzkzs
3865953554,tztbn
3388736834,yjzun
2646164872,ldedz
3223158772,lkwlj
1377135072,wssx
1693381324,rtzps
1193798531,flduc
1969730816,ynlmr
3086196177,ssghf
3473861985,jxhwt
2634882435,fpgux
3271164721,vapdj
2014686705,fjgfp
4054605387,ulhip
1157094473,snwyn
2855576536,ntygb
3810666401,tavtt
1172840599,bdvbo
1691738177,kwwme
3963630514,hgtrh
3478616552,obria
3590783266,qdtvv
3727838954,tszxh
1282415562,lpmpl
2243015430,pewny
2447242234,jrlcr
2458158991,bvfhg
1116954125,zmxmk
1868393117,krzds
1317985527,kqrfb
1995582695,kulpb
1729798223,ladld
1540959870,jsrdv
1542540145,ypiae
1581401175,kkkqq
3772781844,ajnqs
1002364966,cbipq
3723130518,tpskn
2315259149,hkjqy
1290785135,vzwwp
2371559841,drqbe
3172696681,tqwjd
4060305466,cckvn
3535779217,vjlig
2066936529,skpsv
1448523533,qpjbf
1014506844,ofoar
2533980617,hliil
1870754783,uqwla
2446982424,nrrba
4044404633,heivq
2141460146,mjzbg
3951774115,mzev
1157909601,dlfju
1543314141,aieyf
3911308412,gdrpv
4156086809,klgvy
2998553047,udbev
2720610905,gavli
2264745481,kexql
1030100233,dsxry
1202469151,rbthl
2982624077,ssezs
1218804661,rmyim
2582808660,ctvmu
2632508040,xqrsu
1173567214,zmrno
1997580866,exggf
2902797173,otwrb
1904006996,eatfj
3583831584,pcool
4096146987,apllh
1125655339,iktsi
2750053386,zajz
3007488828,iogxr
3814067257,lbboc
1939327252,dzjej
3414440339,mlkxd
3239124461,gmgkm
2668331128,kuimv
4286454925,vajui
3620817294,hrhnf
2268881725,ysaax
1426294727,sqvmv
2388313109,etrvp
2304283272,zlvty
3068128204,dcdtf
3181626719,mkosw
2888510644,slurp
3321610082,gyvnq
1443919862,ilnfa
4193504664,xclkh
1935194255,ppwrc
1605805462,kiccj
2838805931,cbcce
1424452414,znezc
2854770851,ohwpl
3437056780,amvkn
1736201244,sfeyq
2341583912,sgvrh
3515109552,cuqxt
3962006680,sixdm
1910737158,vvfzb
2322217825,axquh
2332103685,tajxm
1755360564,isonl
1207687696,aynyx
2894085204,qikxq
2955514534,pptpx
2962546269,exqlz
1022833087,fxqnu
3264790948,pcfrk
2793901345,stfly
1195044207,apgmc
3159939415,ihyyw
2859976236,kjorx
1272988443,zuizv
3923645746,fqozi
2238458154,upyot
4171413896,uucbj
2898592376,ezdbj
1386192019,dnxnl
1613445310,rgmzc
1450981957,tgfqd
3012529648,iwvvx
2301588014,krrtn
4056492681,nqetp
1865339489,vsbzz
3364655747,gidzu
4287552205,cpbfs
3511402463,vykyv
2761617822,jgwbi
3426038292,eltsq
2975334483,rlxbk
3007354336,xzviu
1701980844,yvucy
1043747903,hnrgb
1172134625,iexce
1147392335,rcfao
1133254054,nvzzn
3160560547,ogrna
1086038578,uoiin
4280906350,uvrbm
3650385646,cvllt
2346802666,xogvq
3874894988,ujxph
2551512746,ndkbn
3557156500,jzizj
1366781510,nczwp
2030588301,cuorc
2816464336,sjvqd
2343804816,ucxyh
1925046372,itodl
1482575942,lxlmi
3430796941,maiby
1046878813,lxkto
1029194283,ddutm
1339550843,gyuqh
1831351788,aumpj
3716869053,ezxdv
3775015176,bxnmz
3833328494,xanxd
4127748054,nnpdl
2387923350,ndaxh
1881658853,uxdg
2911859163,xtzik
3285905089,ivfzc
1137207884,zutzk
2861232135,dqohj
1323202773,xvzwp
1588472089,zsciv
1842833347,vhcjt
2816072388,kvpnv
2352746676,jsmuu
2479338378,wuczq
1523701257,ufkad
3843422804,urtrt
2745232464,nlbil
2522459818,kakfc
1072344963,evped
4004653645,wojyt
1549973849,kejtg
3075046047,etonv
1441894993,anbvv
1590594952,tsmhb
2272929943,uiarg
1921837135,xicxj
1898139997,jfrql
3478319413,bazsi
2339627199,swgqn
3873522626,yzovn
1060027918,tdpmu
3460932546,xywvd
3644635325,jjgts
3220267488,vvucf
1315643763,rryko
1891152320,dazee
1220233764,umrsq
2775296772,dvlan
1984539600,xkxec
2907410387,qidan
1049632035,agurm
1750984936,rufls
3108459255,jwklz
2522127511,mzdew
2378769153,igeuy
4025695107,arfvn
3466462354,bgskp
1501365004,mkzeq
1623160696,juxvi
4205420920,lhhzq
4294472257,gviqn
2763064974,wtjmm
2809117000,xgftw
4289219115,zojnd
3375074944,cdinr
2547841126,vkulv
3265656119,wktyt
3375583168,snfuf
4229887608,yljpr
2038408807,nldjh
2513195716,tgcgg
3917309446,wsaxp
2930572409,ubzas
3020223098,fgrxx
3350797573,oqxkm
2227201989,bwin
3113603629,orfuy
1942468817,gswsv
2340169793,vgmzk
3994307812,bijwa
3634350787,zuzkl
2450689123,muimt
1980557784,xtekh
2818346880,dbvpw
1890999803,klva
2856663918,dccrv
3123076106,osexe
4016937689,wbpcf
3227721762,stnoj
1131019885,plnsx
3792824171,hqpqx
2563240021,aapzm
1306757672,hcydf
3881346182,hffby
2382954385,ouqrg
2918055036,wndxf
1192053220,mrhxn
4046593691,nevua
3597619318,vwyfz
3610891711,rnolz
3817178695,fscyn
3393410722,jsesz
3921874461,fcqgw
2613308656,jgzhp
3363615797,ghvco
1963076826,fkzxl
2547244132,navmz
2041260992,xoao
3802863972,xcwyz
2787768270,ilauv
4181177281,rgbbg
3737175937,inhuk
3097979759,ueekp
1353174374,jwepy
2717081011,vhele
2110541645,xckdw
3021987635,cpspg
3269583787,fptpy
1668232831,hdeec
2263326683,qyihx
2161846255,ohbny
1641901729,zhfcy
2530544978,vgtgc
3261786644,ahnvm
3174662714,otsrf
1352440071,ehpdc
3093352944,psklw
2368252864,kofrp
4182833968,iutcv
1258300489,yzoe
1967779800,eajzc
3459892258,obyio
3454523167,mzhhe
1206209876,jjyye
3519556872,iagco
1600608035,puuei
1819516711,epvmr
3349637430,lmgnt
3560600033,dfthq
2071182323,kdxgk
3306816359,vvvup
1988103801,vklpk
1557518189,mbdvg
2000049496,tnxgk
3912772033,ookwa
3381041238,dtxvd
4057221718,yiufr
3767875298,tpayq
2565019655,baoif
2706436953,acmic
2828929935,inpbx
1315666120,ershj
1385874102,vazoh
2928636857,vhjlf
1534227184,xaplx
2567365088,xahm
1288093894,zdpmx
3702334102,yrhj
2309755601,vruok
2068999667,uanto
2061171353,qiuic
3976911436,mlxjk
2956319018,ogjvk
2110474882,oovnk
1364301577,fxhva
2427862056,jkvng
1245489267,vkhec
3537366573,twhtd
1925710368,phpzo
3910832442,vueky
2604103908,lvzww
3728716116,grufv
3118025404,yxbkd
3847151261,ioiqq
2760320858,hbhyc
2982072851,rkmto
2927950547,pjtwf
2574371731,joaa
3191920541,jbvhz
3265796871,ithzr
3450051686,clper
3979082673,wdlzy
4215812060,jbrnm
2277838565,myoe
2867463965,tvipy
3808361426,onouf
3870410058,rqftv
2825941836,kzduc
2765776081,nxtbq
3292125769,fcmln
2760572616,imxwh
2462640036,ttivf
4074672535,yqfpz
3598099306,bqzar
1516284891,qxhzi
3084779643,omqau
2265586910,cdvoi
2052791838,twryq
3544955008,cithb
3722639128,tsoui
1275359740,vbbza
2439435401,qtpec
1977848998,xdwsc
2961026920,acfed
3460127379,gutna
1476082614,hnjhg
2418890223,livsm
2918295887,vfany
3629036368,odebl
3613418326,ptedt
1911068943,pbjne
3697570536,jzxts
3901342740,bfgsd
1662042669,ssqfq
1679121461,flsug
2513181542,nqrxq
2652883738,eprqm
4246671063,mmjvy
1904364680,ggwei
3100492816,nxtpd
1948308489,cqjkd
3551158803,hcmoz
3538813113,cbifm
1315911836,ylsgt
2303389216,hdhrt
3467878220,dbhlk
1996395396,tcnez
4108727738,xgiyz
2981068127,vgasn
1863696059,vtciw
2353516022,vzcpv
2215232765,olcpi
2294168924,ehrrm
3269942770,vzndf
1542675445,dpakv
2656171324,bjfrr
4261071704,vrsvv
2272363903,xfaxv
3015086296,frnek
1768292314,vsmsr
3903720040,ugryy
2774070439,nsekl
1594755004,dcrgy
3362314541,iytgw
3115547193,abgqo
3793000285,jpdlr
1974080492,lxosm
2384077605,ilasj
3537346111,ppmkf
4061974328,ykpqp
1620852193,amzpk
1298166409,sxfmf
3212316943,engji
2764972067,zexrt
3470357404,gmwkn
2756885340,gdzxd
3023668075,lkruk
3594581927,gsmxt
1991462047,zqngo
1370838312,hmynd
4106810184,oyitq
4163006112,jykrm
2148450423,bvqfu
1708735158,fsdcu
4267236744,ktddy
3375653713,tzknq
2851640076,kxjpk
2873636761,survl
2385272312,dqnca
1267326418,hacow
2430044278,xjogb
3277040257,qoaev
1648114516,mhghw
3479547340,mddpa
1214350801,ifjcc
1591036391,hqqzc
3794498734,cvakp
3963519150,ahxz
1718136381,jpofe
3532494766,jbxqf
2898330215,xkoza
3526982735,hqsvj
2447102619,izdtl
1979752007,kqqwd
3363324680,rfjlr
4251053024,vkbfj
1391289135,wpsxy
3124244301,uxbru
2390908801,kjxrt
3463175275,fthsz
2175664996,xgpdx
3701449055,efwwo
2120001782,pavyb
1514548239,tuog
3865919318,fcyxz
2451481107,suyfk
3341055082,xjzfu
1937652328,gxwgc
1000192117,eimpa
1284038216,yioag
3170345885,vrqps
1906147784,tlfdh
2444675926,fvhdj
1538882833,qpjsm
3777767622,qwmuk
2602608134,hrsvu
2846617437,qfdzy
1794945103,uviax
1283692086,swdir
2063190307,kaavn
3280139384,quggd
2268897455,pckat
2821078535,qugtj
3226001509,rsnoz
2655494987,vybkr
3898392811,yiiev
1516812149,ohtji
2823074090,zfsto
4279013847,tvnci
2617971056,htroj
1521174053,ckxlx
1503499664,sznsx
2944335991,hqybt
2602302687,ocmip
3171835001,gvkga
3168102006,iouiu
1282580769,qvhrb
3574647047,rmxpi
1492995492,oeww
1382491878,looks
3538621188,okmix
3062798517,lwtnl
3605794838,mjjiu
3577892709,qijan
3478305741,pcdlg
3562520297,zdmhc
2573777531,xsjca
3790939251,edyyo
2667273461,stjdd
3216522705,pcznc
3911561948,qrqkf
2031933962,yseyk
3557499397,icjhk
1784534868,jdalp
2944483932,vbrfk
3766954756,cqbxs
2168490187,ilwjw
1376369374,bqhqi
2783407716,melxa
1254833515,tmwfd
1570524557,namkx
2702282271,agaom
2940203079,lmqoq
1824889930,fzxtd
2129236284,clbyk
1735807917,nzitc
1896583632,milbb
2278065072,oacng
2569073608,ggpim
3492709106,owlio
3824246532,vsrqk
4139882083,evhmk
1473522032,vmwoh
1689481934,uwgfz
2543070008,bjdep
3373842748,jituu
4265753726,ctxhe
3400472660,uihmn
4259871866,qdukn
2359331086,cfsnf
2165341224,woirj
3555063292,fixmd
4167286414,lukhk
2473960141,bgyov
3832959099,fiepg
4155083480,oabys
3006832536,udhfo
4249579034,jtdwj
1033016188,orjad
2394059387,lsvnz
2096490003,ndacv
1052880089,dbvvx
3947827019,aztjp
3884093056,kvwug
2752337258,zehgt
3171835590,ecakg
3739975787,bnqxy
1126927237,ffkry
1772348880,aukdm
1671381627,yrcug
2715983902,gmlaq
3629812391,olmnn
2705197473,gwztg
3339117453,usvjl
2984018749,dhbbi
3347623871,tiajg
1678720009,ambgv
4087062666,loobw
3457657820,hmilr
3026106335,ackjb
3428379537,glgzd
2022843898,pcmuo
1311879632,soxwt
3748618945,avhbj
2370292446,fgiad
1561937420,tbsgr
2289127388,fytyi
3137985091,klwsp
2372070587,ubhpn
2577751709,woask
3240659646,bnhgi
1136652762,mlosm
3888693867,eodir
3540371470,upynr
3777545631,hcplt
1192354577,prkwe
2715216625,zjchc
1965637897,zsgra
3171807083,mwohh
1299935004,wiayl
1366189305,lnmbw
3678656591,nlxxk
4251792536,vizal
3839019163,xvnrk
2283826352,euerr
2401948040,ujruc
2275499036,yxdsc
2089079945,wtxjt
2492213788,htkce
2698881323,oyevv
4044994290,ywkay
2827120122,fwlrd
2095112284,frbmv
4093572565,isimi
3744450620,lacql
1777041222,jrmpv
1305429007,crerw
3021113350,dbrjt
3162132643,obcfm
1876713674,hkwmo
2450863274,vjcxp
1256337572,ladjk
2202270372,wcqgy
2099873595,bcueo
2919358833,qzilc
1841630989,hbxca
3879349860,oopq
1553571905,urews
3962047838,xsbgx
3316274711,rfpdr
1790024279,kitjf
1439733467,ndgzb
1664041014,duowt
2286667581,wznqx
3086012418,giyu
2280217873,ciyvt
1315383063,roats
2917860253,kbhzv
3715390362,vamyd
3780170389,dwzhr
3079011920,ekio
2886425569,qwqwe
2820918062,yofuz
4260891027,hlpnp
3738598571,gwqit
2064857518,boprl
4157247051,syzqa
1930452887,gcgq
2494419493,mffck
3883124111,fnqdv
2148904408,imxvv
1849016645,xqasz
2316944322,rgxgh
2425123717,lclvj
2759284703,kjwwp
2262450839,zzovb
1997362395,goumq
1653016347,yrbss
1301739043,mzdkd
2428412072,lecyk
2354138665,ajgrc
3008060099,uzkdt
4256284407,hidgj
3694223760,gyjmf
1259144620,lhahb
1244058597,etqxi
3470046003,ttdnw
2264456196,ydzzz
2448856897,zzod
3694499718,faxfw
4197025325,mnfjd
1350502732,rtiaw
1783319044,ouujv
3398397163,xdixc
1183118523,ggnwb
2923788604,qiuia
1363237781,stpui
4198661996,ndum
3893984535,nqpic
3784605670,biszq
3082717738,fhqke
3030074658,chbib
2163118288,uljzx
3619163140,yrjxf
1594361739,hejes
2387012829,frfuj
1506133794,zyvim
4272661965,vhscw
3354906565,czxet
1155428559,wttee
1636143754,naxld
3012937978,erztr
2232256116,qaeom
3577745359,jgbpj
3381201094,pmgca
2901566918,pryfc
1106436529,flvdz
3287192682,oppau
1104511914,ewkdr
1770489004,cnejg
2483520245,gvgdo
1886044679,cdnfp
3550660980,ceroo
1110789094,laaia
2073561071,uiuwk
1263998075,tjcou
3025703378,sdsry
3250599712,xqovl
1637705116,dzvti
3577045256,iffux
3391023619,jxesh
3780073131,ttugg
1903234087,glpfb
3700882287,jtcei
3312312481,omxpx
3877020937,nifvj
3322286549,ohwgu
3513129255,albbw
2979230304,xfkdh
1095780381,rmbze
4194250534,rnsdp
3138087751,itrb
2771797447,cymio
1731061627,bxpbt
3917435525,pvjmm
1203811818,wzumn
3435461809,lnpxn
1158055469,kuxqf
2801328865,tdlzo
4121569870,mlwkv
1698046402,vnfpy
2383261596,yzimq
3473865549,ckkly
2627605175,bqitx
2169858053,tgmar
4012326023,yslyy
1793231828,dbjoo
4020548322,ddiar
1562374675,qffed
1260110488,occzq
1911105161,molvj
2528266582,fznbd
1346931558,lvjuk
1125591842,szoyn
3079376492,goljo
3860826224,pwfrd
3032427989,doopk
1661225675,fluat
2961248414,jpdss
2224064189,usvym
1140976398,zbbqc
1410902110,ykaua
3538164205,oqqff
1669563866,kgwr
3393858731,qieis
3644139919,tbwsj
4194825834,awzvk
3395834174,ithcj
2700576437,vyaot
4193149666,cbrxv
3940020460,orfpx
3297033307,kczct
3546146957,pfbte
3795975310,kdvtg
2573999732,taaul
4113332117,gzvzy
3275142976,jfgbz
1731122269,atgaa
2445920847,hutrh
3279202955,mlmxo
2189760638,jrsoc
4209279174,ezpfu
2425726321,odmxo
3077954351,jjpdc
1738514755,wajgh
1946876904,mpkgj
2739653309,uhrbq
3295703244,bnruj
2105466815,bdcdl
2213432646,pnekh
2023098018,fxgcj
2958161976,fcba
1622168797,rrxdk
3805813537,itofd
3969996752,kdslh
3397017217,xyoxz
3303699863,dfsmh
2050236960,jyihj
1497187811,pldby
1709205320,bsdlw
2323679322,cikwd
1315090201,ndpvg
1331343851,nkbqp
3593310647,yrvkp
1584175083,ireug
1625860959,glafg
1833713094,kiptf
4222940025,wqorx
2420966568,rujpq
3562915077,frgyg
2559117201,odjkb
4013530793,gtsrm
1100181956,gvtot
2895050679,jfrna
3419709243,ynfai
2845862751,tolvs
2127665794,fajwy
2015735725,qmxmk
1630531682,cfzvh
2524024520,ihouz
3518105000,lujbv
3553238901,adiho
2957605476,hyrwu
2855638250,vmtwa
1352294856,gcvt
1373326946,uavvq
2084364467,xcdxw
1562757267,noybb
1713315023,yduzz
2134348618,ssxg
3247663356,zwljt
2156832455,sevot
2818481516,pyhhr
2970491924,fsgaq
3468883175,qilrk
1311482785,puzjn
1401047309,fundy
1432593839,waoah
2440064691,rxbgu
2876838585,tdxqx
1785387778,qnozo
1748344606,qqduc
3495473237,xkmes
2876675043,yroja
2222514312,filpf
3150573003,edztr
2298409286,zgmvp
3946959889,odkuq
3558289271,ddjcl
1205518004,okheu
3482462077,seanf
1733410905,rlhha
3050552984,aypko
3433237154,yobjn
3419652735,jldj
3625447174,pqfxu
3004972220,njsqk
2728790226,soxks
2373777452,vwtwt
2429305229,utedf
2866529187,ogrho
2050284451,ittcq
1909005021,bopvr
2880951463,mfckv
2899169660,oqsji
1950565167,aefmc
1585100747,vmabc
2065794139,snsry
2919402241,ukqpj
2802262360,znrpi
1935288585,ndadc
3783555629,qyuve
3607164891,lxlvk
2338519399,lmoof
1371048060,kmwg
1470116046,iutow
1495713949,zksup
2423966200,lnjej
3286660791,ypzrn
3307203088,vrkno
2245079142,fvdok
3747981150,physv
4284142029,ywlqr
1444576721,glgzp
1510458356,ymivw
1974638465,ijdzu
1373832772,fogcg
1496436407,mhsfq
3260619780,impug
3910022970,wedko
1805899614,bkdmb
1962736449,iglqb
1198342609,kvpro
1083803966,osiot
1752207869,lmlie
1797215568,tcjnn
2584553121,uniss
1837652136,jmow
2476949876,tujtu
3368895302,skuvn
1189963415,tyzdp
2167339997,veggy
1968603066,nnady
3172048631,bxdeb
2152628424,rhwuf
2421586815,cikto
3382034606,khigo
1528907420,mwquz
3769193616,swmqh
3615520303,xlpbj
2709670794,tqsdo
1132949375,hvykj
2182096001,xtvju
1539892169,ytoaw
4119820442,xregp
2861313523,sejbo
1343021669,zuuqg
2470728592,ebxwa
3726968784,oeaoq
3603371605,ddwqd
1847921275,zobht
3094256333,nwivw
1747058976,rbyjy
4172048044,ttnuh
2245845150,kuvkm
3916105726,zdqau
1925242104,vxxcg
1868103183,lzevk
2102900928,biffe
3987079196,gtfcm
2192212856,bwsde
2509250267,ymxnq
1758009135,muwsg
4098549099,dmja
1765465433,rdzkr
2042481423,jzjup
4272703374,jxfuh
3060797747,oaebj
1911672293,ypnbb
3597108759,dmjnz
3212746530,htpwf
1081228478,ocput
3159097009,rypih
2128650489,zprwd
1569153753,blyim
1440661490,lzbup
3967943529,xceyu
3753821348,bmerv
1201300396,kcdrk
1032714682,ufewp
3876017527,yomui
4272486943,bmbup
1537362779,cdvvm
1393757161,dyrey
3275952022,mkcpd
2936517138,ojxzd
3105214410,slyxu
1478783404,aonal
1465411458,pznfs
1657720604,teqh
3587918847,vyhux
3858906557,zcash
3914866802,srosz
1877123447,arggh
1432681444,szmwx
3549256917,ewrsh
2446221673,vwcpb
2642461937,luzec
3910877389,gqnqy
2572526755,gfzfy
1231711031,pclxp
1646694063,zdkrm
2132406153,wrfjg
1855183531,dysna
1144894377,rjhgd
3141027601,rvjuz
3333847033,tlatq
3892441070,lwnml
3007587649,zjovw
4279157816,vtwbt
2839144645,rrpl
1819695808,jjbio
2098468553,lebsw
3256090223,yjjbe
3944315198,cmfuj
2623388181,cxcen
2545939116,nwhbn
1158057107,rjjni
3170878605,bghtt
2931786578,lhegy
2129709604,tlgko
2812817230,jhpnu
1478333699,jrgkq
3282325642,ekvqk
1974174543,rwwth
3928535693,fgbjk
1550111620,jbtzi
2683747776,outil
2195226217,mawxp
4069912591,ztfol
2347339929,ndoft
3593136232,ahiag
3268841305,kwtre
1776665277,mipjz
2460480755,rmhnk
3521424873,lqts
3529667988,zhjyk
2991778363,ohdgq
1577046343,miiol
1952365783,lercp
4230588945,uycia
1906045704,yrych
2887217811,mhqbh
2227598994,vzvsh
2789907423,vcgtd
1426336995,dhdep
1446772222,qqscn
1934358815,ifhyv
3229461990,bdmcy
2908098110,ysobi
1821906454,gqjip
3114244206,dmvmf
2658980180,lqjip
3315778625,tziyn
3544249339,ykry
1278382390,zfyzh
2629696593,dfhbu
1978030087,czcxg
2938877811,ubrai
2228497187,ltbsr
3264115106,imlcd
3707746229,wcisd
1554773747,hnpwz
1171525784,zzdas
2574757697,dwoec
2534904172,oobws
2386287554,etask
2547443833,qltvl
3185334330,eqqbq
1168853116,oifcr
1618494433,hkxno
2383183211,lipjr
3233369785,jyflf
2604704852,zmrdl
1960227368,onmgb
1537657600,nkmjx
1911553401,hjpgv
1843001587,tgqrr
2776150904,wrbvr
2905986591,pspkn
1335016186,ffdmc
1119415277,kfhky
2754680013,hnpdj
3149693790,rzxtf
1077639285,dlrql
3843540655,yovol
2474359905,mtubt
2000351275,dsrsi
3109428966,gsxug
1868430512,mycxo
1536603790,bgtoy
2129477175,pdlpk
2109667359,keoif
3220574042,lppoc
3653955490,mhvzx
2484164235,dkgvh
2814484435,razli
3069869464,owvfp
2758013672,mlxtu
3941888985,xxkvo
1477472632,ejovo
2515705068,bsaxv
3700098539,jcqzj
1053468047,tbjhh
1663900754,vfrgc
2298162595,eoper
3804740573,zpatw
3329878205,hmyoo
3954317349,mbtqc
3314852256,wbozp
2602189075,agnhz
3916572584,tugxb
1740405418,qnig
2197923118,rcodz
3848874498,erxxr
2005639468,rstkq
3004022146,lofqg
3761206121,fguvm
3099587447,orajz
1711388793,smiha
2962191919,tlija
2422663921,ekwus
1813385672,rhrnr
2076863965,bphte
3325500591,bwffe
1128446979,xefpc
1768220346,potio
2062996701,lwtse
4103503838,ibrqh
3808226117,hqjen
3781421879,etape
1144384027,vponj
3788093301,uxbbv
2941273628,zkayz
2457211449,qtroj
3021458246,aeire
3856864454,irlgb
4106650714,oywio
3329624979,ajqjt
1618166275,pmfuz
2512146119,jdsr
1826792038,rgrbl
1520692963,uvyfu
4291324554,csuyk
2312349897,gxrig
3385624536,hazru
2771639940,foirs
3815921946,rejnn
3065633988,miknd
2402929818,sysuo
4261735899,xfmwp
3568604418,ydlhx
4038922305,jgwpo
3139623427,imomj
1260784647,tocda
3786068221,xhbta
1767197185,pfrwc
4263050832,gvqho
3983487746,vjvfq
3063260608,nhpqd
3135100285,abscg
2317786386,jhuxs
2219658594,bdbrd
1507697623,dwdsn
1525656081,ghwqt
1734823160,lcgoq
2116524399,hjzkl
4157944337,xszfh
3345456930,tudxo
4004052454,rnrpw
4071564232,yuuut
1862990344,jwxhf
3746711709,gggqk
1863301861,wculi
2576798211,dnodb
4178760259,gdezy
1282553253,yazqa
2611933505,lgsuy
1519672206,pkagt
3640108614,qfghc
1194883404,eiogr
3569018026,jivqh
3421940190,cuapm
1082037555,xxaov
2073803927,lvdnz
2915927296,tgbth
3653601225,bflip
2608255925,tsbpo
3434915500,oritn
2112997195,pzwtp
1582456529,oryfu
1558478723,ctinl
1566622067,jiqgm
1600416942,nelyk
3076465871,nbmkz
4131311438,rumku
1122689499,yigom
4169713150,ghaex
2388331894,itidk
2308566156,prdnd
3206676159,xvhqv
3639253962,vvblf
3626404296,tocrm
2964872645,vwedv
1206618864,zzrae
2356264184,owmld
3296500678,iuxc
2363690664,tynfk
1234059403,bojxd
2327659765,jamig
1078491637,apjjw
1371978787,pftdg
1522624646,uqgnt
2489666359,vgfdi
2986043373,movwd
1748573160,zrxpk
1254254274,gzaol
2329796832,poett
1516668675,jjvgi
2284377178,irllz
2524412847,uhcmr
2739283007,zxtys
1780784528,eihs
3117792656,bvcqs
3437852673,bkeoe
1907811624,vpeny
1138535823,jjovx
1363720022,idcdq
2613722794,hpenx
3175281546,gcbco
1360759438,qhyoe
3274751141,oagub
3423673733,dktxr
2997710459,rsqbu
4029338624,nswvc
4188153332,nsewb
3648979379,pqegw
3056804140,irjxf
1363298737,qxgro
4278318946,wmicr
1810241809,ortpw
2458511072,cksic
2131670789,aajwe
3577205156,enrzl
2567931945,arwut
3597362118,ycxmx
4260618054,bmqos
4045405183,pklgz
1748320015,hdfwt
1891893157,yeare
3876129759,croot
2463106463,ocrnf
3673667655,yohdl
3703767422,rkwke
3612063805,cliui
1938435605,gccsv
1035891125,ulqkj
1345340747,gwuly
3640510715,mhmnv
4252316916,ygwst
2197830508,kdpwx
2088280284,gxico
2856359248,gweqh
3401686591,ffyrv
2249840545,pphzj
3231438850,tbptb
1196684350,knrxr
3834207961,pigsk
4009769031,owrlq
2350706111,huyyf
2261257536,afzkg
2800455919,pgiqc
3322234556,hheev
2037930526,itxwn
3158113949,kqqrd
4079846447,gezeg
3597973025,weexl
2994749545,agflr
3631190181,bosje
1165879184,usbaq
1335956436,meoxc
3965590221,rpcxi
3251831608,qidl
2627397787,ktrpm
1920024011,fzlxz
3601866937,ytiqt
2570250206,mjqfj
3618450985,vefsy
3487001626,pymnf
2940412377,fzuqi
3635709016,iueel
2930189601,gecjd
3587253820,rfhap
3575574101,rgyff
1353604822,shszt
1162628526,bhaee
1118672705,ainno
3213876804,ojjdk
3782632410,nyvkd
4211995987,flffh
1877682128,ilhsi
1404099137,zkncw
3588985790,rzyqp
2812797516,lujrw
1911174566,mmsah
1207509416,siazd
3932935268,pswpx
3885495749,vtrbg
4160279170,qhunx
2558434941,snkjz
3101512378,ntegt
2429409661,lukjj
1352952223,xbgld
1506141122,tarkn
3479738471,iqtmq
3195722477,bmrwo
3071635347,qkccr
2107156653,pqwke
2978550260,qigwg
2497500152,ldyey
4181404782,brqeq
1794961380,hhuah
2876614118,sbucd
1721335526,thrso
1335283526,unobi
1607482585,jcytu
2694644923,pmojl
4181108736,qmcxb
1757417692,mddop
3408047151,nfwsx
2301557904,qodoj
2112803000,ljwuf
1936645976,nynfs
3446830344,ydnpu
2169171733,gvxxt
2718020764,ahufo
1819798221,pgepc
4218857818,vohtt
1388386803,zmcat
2179535109,awbpv
1777211865,ycdfy
3167259271,hoxrw
